tweet_id,author_id,inbound,created_at,text,response_tweet_id,in_response_to_tweet_id,brand
978608,352095,True,Sat Oct 14 08:59:18 +0000 2017,@AmazonHelp Its not just about availability of the product but the delivery too. Actually amazon don't have COD in some of the areas. And its pathetic.,"978610,978611",978607,AmazonHelp
709013,289521,True,Tue Oct 10 20:41:48 +0000 2017,"@AmazonHelp Yes, because on the 'my orders' page it says 'sorry it's late, please check here for more options if it hasn't arrived by the 14th'","709015,709016",709012,AmazonHelp
2135742,628318,True,Tue Nov 21 02:55:34 +0000 2017,@AmazonHelp I actually haven't tried it. I just thought it was funny because of the wrong date.,2135740,2135743,AmazonHelp
1201948,AmazonHelp,False,Wed Oct 25 13:57:27 +0000 2017,@402404 Vous pouvez demander un remplacement contre un retour directement à notre SAV. ^ARC,,1201947,AmazonHelp
1626680,AmazonHelp,False,Tue Oct 31 13:19:09 +0000 2017,"@498086 I certainly understand your concern. But, as this is a social media platform we can't view your account details. (1/2)^HR",1626678,1626681,AmazonHelp
575371,AmazonHelp,False,Sun Dec 03 21:48:30 +0000 2017,@255384 We're unable to access account information via Twitter. Please contact us directly via phone or chat so we can look into this for you: https://t.co/JzP7hlA23B ^JF,,575370,AmazonHelp
2773025,775057,True,Tue Nov 21 15:25:05 +0000 2017,"@AmazonHelp Which means your mobile call back support is not working as expected is it ? Ok here is my query , I have renewed my prime mem on 13 and I have not received the Amazon pay balance as mentioned in the renewal conditions.",2773026,2773024,AmazonHelp
38839,AmazonHelp,False,Wed Nov 01 14:47:00 +0000 2017,"@124291 Abbiamo ricevuto il tuo post privato, a breve riceverai una risposta. A presto! ^GA",,38840,AmazonHelp
65797,131049,True,Thu Nov 30 08:38:43 +0000 2017,@AmazonHelp Je ne vois pas où je peux le signaler sur mon espace client ? J’ai envoyé un message au vendeur qui est resté sans réponse,65796,65798,AmazonHelp
2500780,713393,True,Wed Nov 15 19:48:29 +0000 2017,"@AmazonHelp A ver, al transportista no le ha salido de las narices venir y ha puesto que no habia nadie en casa. No hay más vuelta de hoja. https://t.co/vr2SAVOfps",2500781,2500779,AmazonHelp
530060,242746,True,Sun Dec 03 06:20:59 +0000 2017,"@AmazonHelp It's been 24 hours now ! And no reply from you People
@115850",530061,530059,AmazonHelp
579882,AmazonHelp,False,Sun Dec 03 11:27:29 +0000 2017,"@256573 That's odd! Have you reached out to us via phone or chat so we can file that claim on your behalf? If not, you can do so here: https://t.co/JzP7hlA23B ^JY",579883,579884,AmazonHelp
1137719,AmazonHelp,False,Tue Oct 24 09:57:00 +0000 2017,"@387985 Hi, for security we can't see your account here. Have you received a cancellation confirmation email? ^TS",1137720,1137721,AmazonHelp
107335,139838,True,Thu Nov 30 18:38:56 +0000 2017,"@AmazonHelp hello, she has done that, they have sorted the extra payments that went out but she still hasnt recieved her parcels, and they havent told her where they are, just says they were delivered last friday...Amazon is abit of a joke if im honest!",107334,107336,AmazonHelp
2935930,AmazonHelp,False,Wed Nov 29 16:09:27 +0000 2017,"@811673 Thank you for clarifying, Helen. Have you been able to successfully enable this skill before? Is there a button on your Hue device? I apologize for the barrage of questions, we'd just like to provide the best assistance. ^FD","2935931,2935932",2935928,AmazonHelp
1443083,454844,True,Sun Nov 26 01:03:33 +0000 2017,@137120  I have been working for Amazon Flex and not been paid for last one month.Who can I contact to raise my issue. Can someone help in Leicester UK,1443082,,AmazonHelp
472421,AmazonHelp,False,Fri Dec 01 08:48:29 +0000 2017,@223718 We've escalated this to our team internally for an update. Kindly stay tuned. ^GK,472420,,AmazonHelp
629529,AmazonHelp,False,Wed Nov 22 16:49:28 +0000 2017,@269134 Apologies for the trouble with the delivery of your order. We'd like to take a closer look into this and help assist. Kindly share your details here: https://t.co/cQVomR1pWz and we'll have this sorted at the earliest. ^KH,629530,629527,AmazonHelp
1543601,AmazonHelp,False,Sat Nov 04 03:47:53 +0000 2017,"@388812 When you contacted us, what information or options were you provided with? ^BV",1543600,1543602,AmazonHelp
2475967,AmazonHelp,False,Wed Nov 15 14:07:32 +0000 2017,"@707778 Hi Louise! We definitely want to help with this, but for clarification, what website are you using (.com, .co.uk, etc.)? Where did you see this incorrect info. Let us know! ^CN",2475968,2475969,AmazonHelp
729178,294657,True,Wed Oct 11 09:01:08 +0000 2017,@AmazonHelp 多分オフにしてなかったのが原因だと思います。この機に試しに使ってみたいと思います！こちらは3900円のお支払いと出てるのですが、年会費ということでいいのでしょうか？,729180,729177,AmazonHelp
2899692,803303,True,Tue Nov 28 17:41:09 +0000 2017,Ordered 4 Kindles from @115830  and they sent me a Two Ronnie's DVD,2899691,,AmazonHelp
1206201,AmazonHelp,False,Wed Oct 25 09:02:34 +0000 2017,@403261 But images are fun! Nonetheless I'll forward your feedback to the appropriate department. ^AN,"1206202,1206203",1206204,AmazonHelp
291342,185012,True,Sat Oct 07 14:17:31 +0000 2017,"@AmazonHelp Done, your customer service rep was most helpful!",291343,291341,AmazonHelp
2516988,AmazonHelp,False,Thu Nov 16 14:00:35 +0000 2017,@312323 Sorry to hear. Please reach out to us directly here: https://t.co/hApLpM3Ejd and we can take a look into this further. ^PK,,2516987,AmazonHelp
2192462,641723,True,Thu Nov 09 20:34:04 +0000 2017,Serious point @126705 @115830 at what point is it acceptable to put a parcel in a medical waste bin.,2192461,,AmazonHelp
1610979,494486,True,Tue Oct 17 11:25:18 +0000 2017,@115830 any idea why my package isn’t being delivered?? https://t.co/oTx4tRieKA,1610977,,AmazonHelp
626580,AmazonHelp,False,Mon Oct 23 13:42:55 +0000 2017,@268370 Our support team is always available. You can reach out to our support team here: https://t.co/wU1zGSwRkH and we'll 1/3 ^KH,,626577,AmazonHelp
1674814,509583,True,Mon Oct 30 14:10:04 +0000 2017,@AmazonHelp Please send me contact of support team. The link only leads to the pages that I sent.,1674812,1674815,AmazonHelp
1102840,AmazonHelp,False,Sun Oct 15 07:48:00 +0000 2017,@380243 Apologies for the unpleasant experience. Kindly reach our support team: https://t.co/vlvfJr4nN9. We'll have it checked. ^GS,,1102841,AmazonHelp
934299,AmazonHelp,False,Sat Oct 21 16:39:29 +0000 2017,"@341636 Just to clarify, are you needing a receipt of the gift card itself or the item which was purchased using the gift card? ^AC","934300,934298",934301,AmazonHelp
1737101,AmazonHelp,False,Tue Nov 07 09:54:00 +0000 2017,@524397 Hi Ranga- Which site did you place your order? https://t.co/nUUp5MLhYl https://t.co/ykTUEmdsQA or? ^NV,1737102,1737103,AmazonHelp
1431040,452313,True,Thu Nov 02 07:58:50 +0000 2017,@115828 When is my copy getting dispatched and yet it’s suppose to arrive tomorrow on release day?🤔,1431039,1431041,AmazonHelp
240501,173123,True,Wed Oct 04 10:15:33 +0000 2017,"@115850 worst shopping app
I bought a 25 let. Water heater. They returned it without my return request and said you have already requested",240499,,AmazonHelp
2859926,794725,True,Mon Nov 27 22:15:09 +0000 2017,"@AmazonHelp Not anymore, but just about every Logistics driver has had to call me and get directions to my house.",2859925,2859927,AmazonHelp
445472,AmazonHelp,False,Wed Nov 22 10:03:24 +0000 2017,"@220498 HI Seán, could you send me a link to the item listing so I can take a look at that for you? ^TI",445468,445473,AmazonHelp
1001975,357179,True,Sun Oct 22 19:18:43 +0000 2017,@AmazonHelp The tracking shows the courier could not find my address. Which is absolute rubbish. This has never happened before.,1001977,1001974,AmazonHelp
2811732,784055,True,Wed Nov 22 08:18:53 +0000 2017,@AmazonHelp Order confirmation last night said between 8th &amp; 18th. Dispatch email this morning says 18th. Is that a worst case scenario?,2811730,2811733,AmazonHelp
1547248,AmazonHelp,False,Sat Nov 04 07:33:30 +0000 2017,"@208005 We’ll look into it. Also, please don’t provide your account details as we consider them to be personal 2/3 ^SB",,1547247,AmazonHelp
1489416,AmazonHelp,False,Fri Nov 03 08:58:52 +0000 2017,@465940 the latest movies and TV shows we have available. (2/2)^AU,,1489417,AmazonHelp
1617254,AmazonHelp,False,Tue Oct 17 11:11:01 +0000 2017,@495909 ご心配をおかけしております。よろしければ、カスタマーサービスでご注文状況を確認させていただきます。こちらのURLよりお問合せ下さい。 https://t.co/jrFG22myPo EK,,1617255,AmazonHelp
2285511,AmazonHelp,False,Sat Nov 11 16:29:36 +0000 2017,@426384 Thank you for the feedback. I've noted your comments and will be sure to forward this internally for review. ^MP,,2285512,AmazonHelp
264670,AmazonHelp,False,Tue Oct 10 20:09:42 +0000 2017,"@179062 Thank you for keeping us posted, Tushar. We are working on this and will revert with an update. ^KS",264671,264669,AmazonHelp
2412556,516540,True,Tue Nov 14 16:55:49 +0000 2017,@AmazonHelp Can I get some help real quick?,2412553,,AmazonHelp
333207,AmazonHelp,False,Sat Oct 07 19:30:37 +0000 2017,@195363 I'm sorry to hear this. We're responded to your concern via DM. Please refer. ^VN,,333208,AmazonHelp
1279842,AmazonHelp,False,Fri Oct 27 07:02:00 +0000 2017,@366269 We'll not be able to promise time specific delivery. We'll arrange a pre delivery call if required. ^MJ,"1279843,1279844",1279841,AmazonHelp
464260,225390,True,Fri Dec 01 03:47:04 +0000 2017,"@AmazonHelp 返信ありがとうございます。
よく分かりました。メールが来るまで待ちます。",464258,464262,AmazonHelp
1137906,AmazonHelp,False,Sun Oct 15 16:17:25 +0000 2017,"@388022 To confirm if the publisher has restrictions, can you see if the other books in the series are displaying the same thing? ^MJ",1137907,1137905,AmazonHelp
1098558,AmazonHelp,False,Sun Oct 15 06:27:30 +0000 2017,@379235 Have you tried restarting the device? You can plug it out for 60 seconds. Keep us posted. ^PK,"1098559,1098560,1098561",1098562,AmazonHelp
2084580,AmazonHelp,False,Wed Nov 08 09:48:52 +0000 2017,"@275922 I am very sorry to hear this, can I ask what was advised to you when you spoke to our customer service team please? ^GM",2084581,2084582,AmazonHelp
1759045,529488,True,Tue Nov 07 17:14:03 +0000 2017,"@amazonhelp @44867 is this site legit? I'm seeing ads on Twitter &amp; Facebook.. Thanks

https://t.co/gt3cPmEqUP",1759044,,AmazonHelp
2584158,AmazonHelp,False,Fri Nov 17 00:08:29 +0000 2017,"@732298 Have you tired these steps to help locate it: https://t.co/vwo7dsvQDr? Please keep us posted, we want to make sure you get your order. ^CL",2584159,2584160,AmazonHelp
1493702,AmazonHelp,False,Fri Nov 03 10:56:27 +0000 2017,@466866 Amazonです。設定のため少なくとも一度は端末をWi-Fiに接続する必要がありますが、その後はPCからUSB経由でコンテンツを転送することもできます。ご不明な点があればご遠慮なくご質問ください。SK,1493703,1493704,AmazonHelp
845220,AmazonHelp,False,Fri Oct 13 15:38:00 +0000 2017,"@217125 You're welcome, Maxus! ^HM",,845219,AmazonHelp
179705,AmazonHelp,False,Mon Apr 10 07:38:50 +0000 2017,"@158320 Hi, I'd like to help. Please tell me more about your concern, here: https://t.co/GIJyeYqKE0. I will contact you soon. ^SO",179704,179706,AmazonHelp
2876303,798472,True,Tue Nov 28 05:58:53 +0000 2017,Somehow @115821 shipped my Prime order to an entirely different state. Not sure how that’s possible when I gave the correct address. It’s now delayed. What was the benefit to Prime again when regular shipping may have been faster? #customerservice,2876302,,AmazonHelp
347766,AmazonHelp,False,Sun Oct 08 05:53:57 +0000 2017,@198819 replacement using this link: https://t.co/3yqvLnyTxi 2/2 ^SH,,347767,AmazonHelp
128106,563038,True,Wed Nov 08 05:46:35 +0000 2017,@123813 Hola la tienen disponible en roku?,1887831,128093,AmazonHelp
229099,AmazonHelp,False,Wed Oct 04 06:12:26 +0000 2017,@170634 I’d like to assist you with this. Please fill this form: https://t.co/beaaDm0muc and I’ll contact you at the earliest. ^ST,229098,229100,AmazonHelp
876249,458284,True,Fri Oct 20 18:58:56 +0000 2017,@117804 Que sonho! poderei ler na minha piscina e na minha banheira!,1457505,876248,AmazonHelp
764166,302627,True,Wed Oct 11 21:33:49 +0000 2017,"Yo @123967 &amp; @AmazonHelp I have a notification that a package is in a parcel locker, but no key or way to track any longer. Any advice?",764164,,AmazonHelp
2531415,720491,True,Mon Oct 30 10:36:58 +0000 2017,"Highly disappointed with #AmazonIndia.When big guys like you do not deliver what is promised,it is highly frustrating and feel cheated.",2531414,,AmazonHelp
1270324,AmazonHelp,False,Mon Oct 16 07:02:26 +0000 2017,@417102 That's unusual. Let us check this out for you. Please drop your details here: https://t.co/bqxZgFT17S (1/2) ^VM,1271953,1270322,AmazonHelp
268138,179931,True,Fri Oct 06 00:30:32 +0000 2017,@116618 please figure it out. I’m not paying for prime to have problems occur at the worst possible time... The @174356 are on!,268136,,AmazonHelp
1749483,AmazonHelp,False,Tue Nov 07 18:22:32 +0000 2017,"@527292 Je vous remercie, je viens de signaler l’incident au service concerné. ^MA",,1749480,AmazonHelp
2553816,AmazonHelp,False,Thu Nov 16 15:21:00 +0000 2017,"@283668 Bonjour, vous pouvez refuser le colis à la livraison afin d'éviter les frais de retour. Si cela n'est pas possible pour vous, le montant de l'étiquette de retour sera déduit du remboursement. ^MH",2553815,2553817,AmazonHelp
1996639,590394,True,Thu Nov 02 05:21:08 +0000 2017,Amazon会員登録さえしてないのに何か来た ( ´థ౪థ) https://t.co/0USEAdxzB0,1996638,,AmazonHelp
1237563,410302,True,Thu Oct 26 02:19:52 +0000 2017,Amazon tryna come into your house and put your package on your table meanwhile Fedex rings the bell and is driving off when I open the door.,1237562,,AmazonHelp
915058,337288,True,Fri Oct 13 20:34:01 +0000 2017,@AmazonHelp Done.,915059,915057,AmazonHelp
2568080,AmazonHelp,False,Mon Oct 30 23:29:30 +0000 2017,@728443 Thank you for that information. Has the delivery date been updated at this time: https://t.co/Y5jpI9gRhE? ^TL,2568081,2568077,AmazonHelp
2319453,AmazonHelp,False,Mon Nov 13 13:46:01 +0000 2017,@389945 Parfait :) ^FT,2319454,2319451,AmazonHelp
341404,AmazonHelp,False,Sat Oct 28 09:05:28 +0000 2017,"@197572 Apologies for the delay. We've escalated the issue to the concerned team internally, please wait until further update. ^KA",,341402,AmazonHelp
2171156,AmazonHelp,False,Fri Nov 17 20:45:00 +0000 2017,@636835 So sorry to hear about the issues you're had receiving your code! Can you let us know a little more about the issue; such as which variation of the game you purchased and what console they're for? ^GS,2171152,2171157,AmazonHelp
2211743,543355,True,Sun Nov 26 14:37:07 +0000 2017,@AmazonHelp no matter how well hidden this lazy delivery partner thought my package was I was assured that after last time packages would not be left on my OPEN porch https://t.co/8sPGglrzHF,2211741,,AmazonHelp
1172182,395716,True,Tue Oct 24 19:50:31 +0000 2017,I'm not getting any love from @115830 😟The cards I ordered have been abandoned outside a door that doesn't look at all like mine. :(,1172180,,AmazonHelp
537425,AmazonHelp,False,Sat Dec 02 14:10:28 +0000 2017,@244579 So sorry to hear about the issues with your order! Have you already contacted us directly here?  https://t.co/Q7Ftz6nj80 ^GS,537426,537427,AmazonHelp
2487039,AmazonHelp,False,Wed Nov 15 16:22:00 +0000 2017,"@178322 Isay cualquier inconveniente con la devolución por favor no dudes en informarnos, quedamos a tu disposición. 

Saludos, 
^DB",2487040,2487041,AmazonHelp
1791080,538012,True,Sun Nov 26 06:34:49 +0000 2017,@AmazonHelp Sir Please tell us status of order id 402-0247294-1841924,"1791079,1791081",,AmazonHelp
1065666,AmazonHelp,False,Fri Oct 20 04:32:23 +0000 2017,"@371607 For payment failure, refunds are issued to the original payment method within 2-4 business days.(1/2)^SF",1065665,1065667,AmazonHelp
1425018,AmazonHelp,False,Mon Oct 16 18:21:00 +0000 2017,"@451070 Nessa, realmente sentimos estas experiencias, por favor mantennos al tanto de la respuesta del transportista. ^DA",1425019,1425016,AmazonHelp
1319749,428167,True,Wed Oct 18 06:03:00 +0000 2017,今Amazonを装った詐欺メール届いてビビった,1319748,,AmazonHelp
1207599,AmazonHelp,False,Wed Oct 25 10:05:11 +0000 2017,"@403541 Sweet, we do our best to keep everybody happy! 😊 ^JJ",,1207597,AmazonHelp
1768277,AmazonHelp,False,Tue Nov 07 23:22:38 +0000 2017,@531655 If the item is too far in the shipping process it can't be canceled. We can take a look here: https://t.co/JzP7hlA23B ^VS,,1768275,AmazonHelp
1451504,456831,True,Thu Nov 02 17:01:30 +0000 2017,I’ve had Amazon Prime for almost two years now and I’m JUST finding out they have a student discount?! Still a student @115821 😩,1451502,,AmazonHelp
2418956,655892,True,Sun Oct 29 13:23:08 +0000 2017,@AmazonHelp I'm working away from home then out the country for 3 weeks so won't have time. Bit disappointed the product wasn't right in the first place,2418957,2418955,AmazonHelp
382811,AmazonHelp,False,Sat Oct 21 14:43:36 +0000 2017,@206725 Sure thing! ^LB,,382809,AmazonHelp
971805,350536,True,Sat Oct 14 05:57:13 +0000 2017,"@119625 the new UI is abysmal.  Fire the designer.  Ex: scroll left on episodes, go 1 too far and exit out. Really?!",971804,,AmazonHelp
2644749,AmazonHelp,False,Tue Oct 31 04:46:29 +0000 2017,"@325008 Please don't provide your order details, we consider it personal information. Our Twitter page is visible to public. ^AK 3/3",2644994,2644745,AmazonHelp
2291867,AmazonHelp,False,Sun Nov 12 12:11:00 +0000 2017,"@665606 Olá Odair, é boa demais, né! 😍 O que você mais gosta da serie? ^DA",2291868,2291869,AmazonHelp
1148768,390129,True,Tue Oct 24 14:07:26 +0000 2017,@40172 when is your next season coming up?,1148767,,AmazonHelp
988102,AmazonHelp,False,Sat Oct 14 10:52:33 +0000 2017,@354114 That's not even kinda correct :/ Please get in touch here: https://t.co/JzP7hlA23B and we'll look into this for you! ^RL,988103,988104,AmazonHelp
1559291,481864,True,Sat Nov 04 10:39:21 +0000 2017,"I've never shopped from United States before. Is this normal to provide ID proof for overseas shipping?
#justasking #paranoid 😅 #amazonindia https://t.co/VNK4OwWBnt",1559290,,AmazonHelp
1516030,471743,True,Sat Nov 04 17:42:17 +0000 2017,@AmazonHelp I filled the details. Kindly look into matter and help me with the return.,1516031,1516029,AmazonHelp
643739,AmazonHelp,False,Fri Oct 13 07:46:51 +0000 2017,@272837 We're working on this and we'll get back to you soon. Appreciate your patience. ^PS,643740,643738,AmazonHelp
513533,238186,True,Fri Dec 01 23:35:55 +0000 2017,@115821 So I preordered Xenoblade Chronicles 2 about a month or two ago and I was guaranteed that it would arrive today but it hasn’t.  I was wondering what’s going on and when it will arrive because it’s not clear.,513531,,AmazonHelp
2863471,AmazonHelp,False,Tue Nov 28 00:11:28 +0000 2017,"@473680 I'm sorry for any misunderstanding, our team is unable to access your account or orders here on Twitter. Without posting account or order details, can you please tell us when your order was originally due to be delivered? ^JR",,2863467,AmazonHelp
422709,215662,True,Tue Oct 10 10:32:42 +0000 2017,@AmazonHelp It seems from sachdeep wording tht amazon is unable to understand what happening with its system as on shopping they r holding account,422724,422706,AmazonHelp
481697,229491,True,Fri Dec 01 13:56:27 +0000 2017,@AmazonHelp I'm talking to carrier and THIS is what I get --- not helpful. https://t.co/2weh70BE9J,481699,481696,AmazonHelp
2482393,666718,True,Sun Oct 29 23:08:28 +0000 2017,@AmazonHelp Left about 20 ft from my front door. Closer to my driveway as can be seen in one of the photos on the flagstone?! Is this acceptable to you?,"2482398,2482389,2482399",2482400,AmazonHelp
2600227,736061,True,Fri Nov 17 08:10:41 +0000 2017,@AmazonHelp I had messaged you order no.i want you to resolve it by today,2600229,2600226,AmazonHelp
1116253,382810,True,Sun Oct 15 11:28:17 +0000 2017,@AmazonHelp i have and they have not responded,1116251,,AmazonHelp
2369692,683858,True,Mon Nov 13 23:30:56 +0000 2017,@290981 I still cannot claim my Hearthstone loot. I keep getting told that my Blizzard account has already claimed it. It hasn't. Blizzard referred me to Amazon. Amazon referred me to Blizzard. WTF?!,2369691,,AmazonHelp
312148,AmazonHelp,False,Sat Oct 07 03:49:24 +0000 2017,"@130759 Sorry for the trouble. As mentioned earlier, orders once canceled cannot be reinstated. Kindly place a new order. 1/2 ^PS",312151,312147,AmazonHelp
689237,AmazonHelp,False,Thu Nov 23 14:46:00 +0000 2017,"@284688 Hi Bill, sorry to hear that. Have you received a refund for your previous order?^TI",,689238,AmazonHelp
535732,AmazonHelp,False,Sat Dec 02 13:03:32 +0000 2017,"@244117 Entiendo, en este caso te recomiendo ponerte en contacto con nuestro departamento de Servicio al Cliente para que puedan revisar el estado de tu pedido, puedes ingresar al siguiente enlace: https://t.co/OjvUxwnzPe ^KA",,535733,AmazonHelp
2361883,468220,True,Mon Nov 13 20:34:22 +0000 2017,@AmazonHelp Amazon used to be so good... 😥 #RIP,2361880,,AmazonHelp
1433625,AmazonHelp,False,Thu Nov 02 18:03:35 +0000 2017,@452865 respond to the email in which the team has requested you to link your aadhar card for further assistance. 2/2 ^NK,1433627,1433624,AmazonHelp
2320454,AmazonHelp,False,Mon Nov 13 13:57:30 +0000 2017,@672508 はい！ご参照いただければ幸いです😀 HM,2320455,2320456,AmazonHelp
2249806,AmazonHelp,False,Fri Oct 20 03:37:00 +0000 2017,@655526 I'm sorry about the pending cashback. Kindly contact our team here: https://t.co/vlvfJrlYEH and we'll have this sorted out. ^GK,,2249804,AmazonHelp
147340,AmazonHelp,False,Fri Nov 24 14:21:00 +0000 2017,"@149475 Sorry to know that you've received a defective product. Believe me, this isn't what we intended. Please provide your feedback via Packaging Feedback Program here: https://t.co/BOC2qI06T6. (1/2) ^KA",,147339,AmazonHelp
940421,AmazonHelp,False,Sat Oct 21 15:44:01 +0000 2017,@342940 I'd like for my team to look into this. Please send us details here: https://t.co/0lbolgyUtF ^AB,940422,940423,AmazonHelp
2532518,720722,True,Mon Oct 30 12:35:47 +0000 2017,@AmazonHelp C'est pour cela que je vous contacte,2532520,2532516,AmazonHelp
576002,AmazonHelp,False,Sun Dec 03 08:33:28 +0000 2017,@255531 We understand you're facing an issue with the phone you had purchased. All electronic goods purchased on Amazon are covered by the standard manufacturer warranty. The items are shipped along with an invoice and the manufacturer's warranty card (if available) (1/2) ^VM,,576001,AmazonHelp
520761,240219,True,Wed Nov 29 19:06:22 +0000 2017,"@AmazonHelp I have a prime membership and have to deal with receiving this after 3 days, terrible. https://t.co/IyfFVEcz8T",520760,,AmazonHelp
448621,164340,True,Thu Nov 30 21:40:52 +0000 2017,"@AmazonHelp Not really. More concerned with the lie that Two Day Shipping means they process it for two days and ship it out after two days (and it doesn't include transit time), when documents on the Amazon website clearly show what Two Day Shipping is: https://t.co/eEqe0iGJvi",448623,448620,AmazonHelp
1168821,AmazonHelp,False,Tue Oct 24 19:23:01 +0000 2017,"@355518 This isn't the experience we expect! If the seller is not offering a resolution, we suggest filing an A-to-z claim. (1/2)",1168823,1168817,AmazonHelp
2385518,389714,True,Fri Oct 20 11:08:17 +0000 2017,"@116928 Bueno, pues he abierto chat con @116928 y me han dado una solución en un minuto. 10/10, pa variar.",2398894,2385517,AmazonHelp
1450841,456672,True,Thu Nov 02 17:27:28 +0000 2017,@AmazonHelp Did all that. I've been through this before. What else you got for me?,"1450843,1450844",1450840,AmazonHelp
306570,189196,True,Fri Oct 06 23:01:26 +0000 2017,@116875 @AmazonHelp De más de 2500 te dan meses sin intereses,306568,306572,AmazonHelp
2601402,AmazonHelp,False,Fri Nov 17 07:58:57 +0000 2017,@736319 It sounds like you were refunded the shipping charges due to the delay. Were you sent an e-mail following your call to confirm this? ^KI,"2601403,2601400,2601404",2601405,AmazonHelp
236639,AmazonHelp,False,Thu Oct 05 14:42:07 +0000 2017,@172356 Apologies for the experience. I'd request you to fill in your details here: https://t.co/GIJyeYqKE0 and we'll help you.^OS,,236637,AmazonHelp
694370,AmazonHelp,False,Mon Nov 06 14:28:00 +0000 2017,"@285580 I understand your concern. However, I'd request you to reply to the email correspondence which was sent to you for assistance.1/2^KH",694369,694371,AmazonHelp
2883385,799921,True,Tue Nov 28 10:17:02 +0000 2017,"Amazonプライム登録したいけど
カード決済しかないのが嫌！
au決済だったら今すぐ登録するのに（たぶん）！！
うちカードないねん😣",2883383,,AmazonHelp
926294,339792,True,Fri Oct 13 18:39:31 +0000 2017,"Let down by prime, lied to and told my prime delivery won't come till the 20th of October. Customer service appalling @115821",926292,,AmazonHelp
2387431,687962,True,Tue Nov 14 07:22:58 +0000 2017,"@AmazonHelp LMAO, you should see the list 😂😂😂🙌🏼",2387430,2387432,AmazonHelp
2104983,AmazonHelp,False,Wed Nov 08 13:06:00 +0000 2017,@511103 Je suis vraiment désolée Stephane. Il s'agit d'un oubli de scan de la part du chauffeur. Je remonte cela au service concerné. ^SB,2104984,2104982,AmazonHelp
367927,203164,True,Sun Oct 08 21:12:26 +0000 2017,@119625 can you please reply the time of release of telugu movie  arjun reddy on Oct 13,367925,,AmazonHelp
1249697,413207,True,Thu Oct 26 04:25:24 +0000 2017,@AmazonHelp Original estimate 10/25 now 25-27 hmm... free one day becomes three days.,1249698,1249696,AmazonHelp
451897,222178,True,Thu Nov 30 22:17:44 +0000 2017,"@115830 outraged at Amazon taking £189 out of my account because a seller told them my order had been despatched, and they knew full well the goods weren't even in stock. Do your checks in future, I'm out of pocket and a child may not get her Christmas present 😠",451894,,AmazonHelp
1574462,485226,True,Tue Oct 17 07:02:23 +0000 2017,@AmazonHelp I have contacted Amazon customer service and they are looking at the same.,1574463,1574457,AmazonHelp
365211,202515,True,Tue Oct 10 20:06:57 +0000 2017,"@AmazonHelp I've had it all! Connected at various forums at various times!  Fed up from going here and there, why can't you solve right here and now!",365212,365210,AmazonHelp
77417,133250,True,Fri Dec 01 04:57:43 +0000 2017,"@AmazonHelp @115850  Your customer team is so corrupt and mannerless,
If customer want solution on there end they simply cut the call, 
I want proper solution
#UNINSTALLAMAZON",77418,77416,AmazonHelp
2154130,632911,True,Mon Nov 20 16:02:44 +0000 2017,@AmazonHelp I ordered a phone on .de but the phone hasn't dispatched yet and I wasn't even charged. There are only few left in stock last time I checked. Can you please help?,2154129,,AmazonHelp
786812,AmazonHelp,False,Thu Oct 12 09:46:00 +0000 2017,"@307697 Kindly wait till the estimate, I'm positive that the product would be delivered. Please keep us posted. (2/2) ^KA",,786813,AmazonHelp
420759,AmazonHelp,False,Sun Oct 01 14:01:00 +0000 2017,@215286 We're sorry for the bad experience. Please contact our support team here: https://t.co/9mwpIdOzZn and we'll help you. ^ZH,420760,420761,AmazonHelp
63852,AmazonHelp,False,Thu Nov 30 08:06:26 +0000 2017,@130670 Sorry to hear this. Who was the carrier that delivered your order? Were there any issues with the items in your order?^ES,63851,63853,AmazonHelp
1662620,AmazonHelp,False,Mon Nov 06 10:06:04 +0000 2017,@506978 What is the status of your order as of this morning Dawn? ^NV,,1662617,AmazonHelp
2707626,216146,True,Mon Nov 20 00:05:09 +0000 2017,Yo @115821 my package is “guaranteed for delivery by 8pm” but it’s been in Tampa since yesterday at 5pm. What you got going on.,2707624,,AmazonHelp
2254570,AmazonHelp,False,Fri Nov 10 23:24:36 +0000 2017,"@656712 Hola Maar. En tu caso podemos ver que has reservado este producto con tu compra y en cuanto tengamos una fecha estimada de entrega, te enviaremos un correo electrónico confirmándote toda la información. ^JJ",,2254571,AmazonHelp
239638,142494,True,Wed Oct 04 14:26:11 +0000 2017,"@115830 placed 2 orders separately yesterday, at separate times, paid postage on both but you put them in the same 📦, can I get a refund?",239636,,AmazonHelp
703890,288185,True,Thu Nov 23 17:41:27 +0000 2017,@115850 Is there any Thanksgiving offer!?,703889,5203,AmazonHelp
130337,145395,True,Fri Nov 24 07:24:55 +0000 2017,@AmazonHelp Please find the screen shot confirmation massage from Amazon.. https://t.co/sadww2yjh6,"130339,130340",130333,AmazonHelp
808186,312569,True,Thu Oct 12 18:09:10 +0000 2017,@AmazonHelp can I change my general prime account to a student one? I’m in the UK.,808185,,AmazonHelp
1249979,413276,True,Thu Oct 26 03:05:58 +0000 2017,@115821 what the heck? My prime package said it was out for delivery by 8pm and now it's saying it won't be here for 2 more days!?? 😤,1249977,,AmazonHelp
1331163,AmazonHelp,False,Mon Oct 30 11:20:28 +0000 2017,@210089 Have you responded to the email you've received from Social media team? ^HK,,1331159,AmazonHelp
2424507,AmazonHelp,False,Tue Nov 14 19:05:00 +0000 2017,@181629 We’d like to help you; please fill this form: https://t.co/beaaDm0muc and we’ll contact you soon. ^BA,,2424508,AmazonHelp
360647,AmazonHelp,False,Sun Oct 08 17:10:38 +0000 2017,@193286 Sorry about the delay in delivery. We've sent a correspondence to your registered email address. Please check and revert. ^SQ,360648,360649,AmazonHelp
2703156,AmazonHelp,False,Sun Nov 19 21:44:26 +0000 2017,"@601721 I'm sorry to hear your replacement Kindles are not working. Can you tell us more about what you're trying to do and the error messages you are getting? Which Kindle device do you have? Kindle E-Ink: https://t.co/VdLQqragyT
Kindle Fire: https://t.co/awbqbLA8vR  ^AF",,2703157,AmazonHelp
1310613,426266,True,Fri Oct 27 05:06:17 +0000 2017,@426267 @115821 @AmazonHelp Already emailed them. AMZL sucks Jess. So bad. So terrible. Every other delivery doesnt happen or goes somewhere else,"1310612,1310614",1310615,AmazonHelp
2804289,AmazonHelp,False,Wed Nov 22 02:12:00 +0000 2017,@438214 I'm sorry for the trouble with the recent delivery. Please keep us updated on the replacement. We want to ensure you receive it. ^RR,2804290,2804291,AmazonHelp
19450,AmazonHelp,False,Wed Nov 01 06:50:32 +0000 2017,@120318 We don't have access to your account over Twitter. Please share your details in the link given earlier by 'GS'. (1/2) ^ZH,,19447,AmazonHelp
665687,AmazonHelp,False,Fri Nov 03 08:17:00 +0000 2017,@278571 Hi Lauren- What was the last communication you received regarding your order? Are we trying to source the item still? ^NV,665688,665689,AmazonHelp
224845,AmazonHelp,False,Thu Oct 05 05:43:25 +0000 2017,@169718 こちらのメッセージはhttps://t.co/st4oU5QbhPからお送りしたものではありません。当サイトではSMSで未納料金などといった内容を送ることはありませんので、記載の電話番号に連絡などされぬよう…。 RI,224846,224847,AmazonHelp
2682000,AmazonHelp,False,Sat Nov 25 23:45:27 +0000 2017,"@754468 ¡Hola. Gamaliel! Cuéntanos, ¿cuáles son los que más te llaman la atención? 🙊📚 ^LC",,2682001,AmazonHelp
2280807,663012,True,Sat Nov 11 20:56:22 +0000 2017,@AmazonHelp AMZL US,2280808,2280806,AmazonHelp
1993279,AmazonHelp,False,Wed Oct 18 20:24:31 +0000 2017,@589901 Just looking to confirm the delivery date! Apologies. Have you been able to contact us here: https://t.co/hApLpMlfHN? ^BL,"1993280,1993281",1993277,AmazonHelp
1143391,AmazonHelp,False,Tue Oct 24 13:12:34 +0000 2017,"@373086 Oh my, this isn't how we want you to feel! Can you tell us more about what's going, Jim? We're here to help! ^KN",,1143392,AmazonHelp
461262,224598,True,Fri Dec 01 02:30:50 +0000 2017,"@AmazonHelp ❤️ Aquela empresa que você respeita! Gosto muito, e o primeiro a ser lido vai ser o Atenção Plena Mindfulness",461264,461261,AmazonHelp
250658,AmazonHelp,False,Thu Oct 05 17:23:58 +0000 2017,@171391 Sorry about that. Please report this to our support team here: https://t.co/vlvfJrlYEH. ^MP (1/2),"250659,250660",250651,AmazonHelp
2824715,786974,True,Mon Nov 27 09:27:51 +0000 2017,T.M.G便って何…？？見たことない不在伝票でアマゾンからの荷物って書いてるけど、何も買ってないんだけど(;´･ω･)誰かから何か、送ってもらったのかしら。,2824713,,AmazonHelp
204926,AmazonHelp,False,Thu Oct 05 00:49:00 +0000 2017,"@164539 「TVCM洋画ソングス」ですね、、( ..)φﾒﾓﾒﾓ
勝手に突撃させていただいたのに、喜んでいただけて嬉しいです(*ﾉωﾉ)
朝のお忙しい時間帯に、リプライいただきまして、ありがとうございました。
今後ともどうぞご贔屓に。。。。(‘v`◎)TY",204927,204924,AmazonHelp
93715,AmazonHelp,False,Thu Nov 30 16:35:28 +0000 2017,@136313 Please keep us updated on this! We want to be sure this works properly for you. ^MT,,93713,AmazonHelp
2883452,AmazonHelp,False,Tue Nov 28 10:15:00 +0000 2017,"@799935 Oi Wellersom! ficamos felizes em saber que conseguiu aproveitar as nossas promoções! espero que aproveite bastante a leitura, um grande abraço! 😀 ^NP",,2883453,AmazonHelp
1286357,400336,True,Thu Oct 26 18:48:47 +0000 2017,"@117093 my order didn't show up, I got a phone message, got disconnected when I called back after hold for 10 minutes. No email sent.",1286356,,AmazonHelp
378491,205819,True,Mon Oct 09 05:27:31 +0000 2017,@AmazonHelp I just ordered 2 but now I only want one now so just send one and keep the other 😂‼️,378493,378490,AmazonHelp
2064416,AmazonHelp,False,Wed Nov 08 09:08:00 +0000 2017,@407554 Every canceled order would be sent with an email specifying the reason for the cancellation. 1/2 ^SB,,2064414,AmazonHelp
580543,AmazonHelp,False,Sun Dec 03 12:11:00 +0000 2017,"@256771 Hi, sorry to hear that. What delivery date was stated in the order confirmation email? ^JJ",580544,580545,AmazonHelp
2931407,253807,True,Wed Nov 29 07:42:22 +0000 2017,Worst @115821 experience I’ve had. Poor book I bought for my little cousin was completely folded up and smashed. Can’t even turn the pages. @AmazonHelp https://t.co/XIcgAahAxc,2931406,,AmazonHelp
590814,AmazonHelp,False,Sun Dec 03 17:22:35 +0000 2017,"@259751 Okay, thanks for that info. If there are any damages to the package delivered today, you can check your available return or replacement options here: https://t.co/xyGccUnrOA Have you received any e-mail updates for your printer? Let us know. We want to help! ^SM",590815,590812,AmazonHelp
2822341,AmazonHelp,False,Mon Nov 27 08:04:00 +0000 2017,"@786511 Entendo Rafaela, nesse caso, te envio o link de nosso site referente aos cartões e bandeiras que são aceites. Te peço por gentileza olhar as informações: https://t.co/EHkjwGp5h1 ^CJ",2822340,2822342,AmazonHelp
437990,219050,True,Tue Oct 10 17:50:51 +0000 2017,"@AmazonHelp Si, es que no tengo como saber cual empresa en Chile tiene mi pedido. Dice ASM pero es española.",437989,437991,AmazonHelp
844186,AmazonHelp,False,Fri Oct 20 19:14:00 +0000 2017,@320702 We apologize for the inconvenience caused in this regards. ^SM (1/2),,844185,AmazonHelp
748726,AmazonHelp,False,Wed Oct 11 17:25:00 +0000 2017,"@298986 Sorry to know about the issues with your product. Please call us here: https://t.co/TK4yevTaND, we'll assist you. ^NR",748727,748728,AmazonHelp
1239298,AmazonHelp,False,Mon Nov 13 09:35:53 +0000 2017,@410696 Apologies for the inconvenience. Please reach out to us here: https://t.co/vlvfJr4nN9 and we will help you. ^AH,1239299,1239300,AmazonHelp
2979626,821752,True,Thu Nov 30 03:44:48 +0000 2017,@AmazonHelp the stroller I ordered came with MOUSE POO in the bassinet. DISGUSTING,2979625,,AmazonHelp
1406048,AmazonHelp,False,Thu Oct 19 18:21:32 +0000 2017,@446824 Sorry for the misbehavior. I'd like to take a closer look into this. Please fill in this (1/2)^SQ,,1406049,AmazonHelp
2722742,763827,True,Mon Nov 20 11:08:09 +0000 2017,"@AmazonHelp Hey! We have from a really helpful guy at Amazon called Ajay, but @116324 were less so; basically refusing to tell us where the parcel was, and that we should contact Amazon to start an 'Investigation'. I didn't want an investigation, I wanted an update haha!","2722744,2722745",2722741,AmazonHelp
940492,AmazonHelp,False,Sat Oct 21 15:37:36 +0000 2017,@342955 I'm so sorry. Please use the following link so we can go over options: https://t.co/hApLpMlfHN ^DO,,940493,AmazonHelp
1544070,AmazonHelp,False,Tue Oct 17 13:31:43 +0000 2017,@478303 Gotcha! Could you tell us who the carrier was? You can view it here: https://t.co/Y5jpI9gRhE ^TK,1544071,1544068,AmazonHelp
1479483,463549,True,Fri Nov 03 06:27:14 +0000 2017,Bjr @AmazonHelp. J’ai commandé @115766 pour une réception ce jour. Pourquoi la livraison est-elle retardée ? Merci de trouver une solution... rapidement.,1479481,,AmazonHelp
1635825,AmazonHelp,False,Tue Oct 17 13:04:00 +0000 2017,"@500370 Thanks for letting us know, Ali! When did you place your pre-order for the book? Please let us know! We're here to help. ^FD","1635826,1635827",1635828,AmazonHelp
278712,AmazonHelp,False,Fri Oct 06 08:17:00 +0000 2017,@182467 Amazonでポチっていただき、ありがとうございます！(これでもう尾てい骨が痛くなりませんね！)O o｡.(´-`*) RI,,278713,AmazonHelp
283169,AmazonHelp,False,Fri Oct 06 20:39:28 +0000 2017,@183448 Mon collègue prend votre dossier en charge il vous tiendra informé des nouvelles dans les brefs délais . Merci de patienter ^BR,283170,283168,AmazonHelp
2924531,AmazonHelp,False,Wed Nov 29 03:27:27 +0000 2017,"@809246 I'm sorry, that's so frustrating! Please reach out to us here so that we can take a closer look at your order: https://t.co/hApLpMlfHN ^EA",,2924529,AmazonHelp
138974,AmazonHelp,False,Fri Nov 24 11:07:29 +0000 2017,"@147314 Considering that One plus 5T in on flash sale, we do not have any information regarding the availability of exchange option. ^KA",,138975,AmazonHelp
882564,329570,True,Fri Oct 20 19:42:12 +0000 2017,"Só porque eu busco muito pela palavra ""oasis"" o google e o facebook NÃO PARAM de me mostrar anúncios do kindle oasis, da @115821",882562,,AmazonHelp
389914,208312,True,Mon Oct 09 14:57:31 +0000 2017,Looking at my bookshelf I can tell which books I bought in the last year from @115821 by the damage caused by consistent shitty packaging.,389912,,AmazonHelp
1881766,AmazonHelp,False,Wed Oct 18 10:45:00 +0000 2017,"@561550 Rafa, ¿te aparece algún mensaje de error a la hora de realizar la compra? ^VL",1881767,1881768,AmazonHelp
1563568,AmazonHelp,False,Sat Nov 04 10:45:33 +0000 2017,"@482849 Bonjour, je suis désolé d'apprendre cela. Quel est le souci que vous rencontrez ? ^ME",,1563569,AmazonHelp
1651548,AmazonHelp,False,Tue Oct 17 15:54:00 +0000 2017,@313946 Merci à vous ! ^AR,,1651547,AmazonHelp
353599,192558,True,Sun Oct 08 14:08:01 +0000 2017,@AmazonHelp I had submit the info which was being ask on that link here is the screenshot https://t.co/z2e18354Ke,353601,353598,AmazonHelp
1745410,AmazonHelp,False,Tue Oct 17 20:23:01 +0000 2017,"@526286 Hi Sarah! We do not have access to account info here, but if you reach out here: https://t.co/TqFCV36MUg we can help! ^FR",1745411,1745412,AmazonHelp
2110262,AmazonHelp,False,Sun Nov 26 13:31:31 +0000 2017,"@494348 Thanks for the confirmation, Jitansh. We have already responded to you via DM. Request you to check. ^NK",,2110260,AmazonHelp
518739,239678,True,Sat Dec 02 01:43:24 +0000 2017,"Amazon様様。
毎日Amazonから荷物が届く",518738,,AmazonHelp
2741804,768038,True,Mon Nov 20 18:18:49 +0000 2017,@AmazonHelp I ordered a monitor that said there were a few left. I also put one in my cart for later. That was on 10/21. I have contacted many times and no one can give me any more info than what I can get off of my account. I am just told it is not available. I know that. Help,"2741805,2741801",,AmazonHelp
2287094,664510,True,Sun Nov 12 02:07:05 +0000 2017,@AmazonHelp É sim 😊,2287096,2287093,AmazonHelp
1498570,467935,True,Sat Nov 04 08:27:24 +0000 2017,@AmazonHelp at 7.16 AM your mail has asked me to wait for 24-48 hours. very Strange! One can come around the globe twice in this period.,"1498572,1498573",1498569,AmazonHelp
1264513,402093,True,Thu Oct 26 11:45:30 +0000 2017,@AmazonHelp it’s been more than 72 hours and no response from #amazon CS saying the issue has been elevated. @115850 service sucs,1264512,,AmazonHelp
321383,AmazonHelp,False,Sat Oct 07 13:00:31 +0000 2017,@192570 I'm sorry for that. Could you please elaborate your concern so that I can assist you accordingly? ^AU,"321384,321385",321386,AmazonHelp
1775074,533440,True,Wed Nov 08 04:36:00 +0000 2017,Today they stole an Amazon box on my porch. Reached thru gate w/stick. Jokes on them. Its Dalmatian ears/tail tht arrived late for Halloween,1775073,,AmazonHelp
477668,AmazonHelp,False,Fri Dec 01 12:08:00 +0000 2017,"@228477 Oh no! We certainly want to assist you. Without providing any personal account information, could you tell us what happened? ^GP",477663,477669,AmazonHelp
197773,162511,True,Wed Oct 04 13:55:07 +0000 2017,"@AmazonHelp This is the problem right here. I explain the issue &amp; instead of fixing it, I just get sent the same patronising explanations. https://t.co/MncyD5MnMv","197771,197774,197775",197776,AmazonHelp
439223,AmazonHelp,False,Wed Oct 11 20:17:09 +0000 2017,"@219317 Cuéntanos, ¿qué has comprado Guardiana De Libros? 😍🎁 ^JJ https://t.co/8ImeBEXGfq",439224,439221,AmazonHelp
225049,AmazonHelp,False,Thu Oct 05 06:55:30 +0000 2017,@158231 Avez-vous signalé cela à notre SAV ? ^SN,"225050,225051",225047,AmazonHelp
1050406,AmazonHelp,False,Sat Nov 25 17:56:42 +0000 2017,@368240 I'm sorry your parcel was not delivered to your safe place. We're unable to access account info via Twitter. Please contact us directly to report this: https://t.co/JzP7hlA23B ^JF,1050407,1050408,AmazonHelp
1140949,388565,True,Tue Oct 24 15:58:29 +0000 2017,@AmazonHelp Hoy,1140950,1140948,AmazonHelp
390026,207243,True,Mon Oct 09 14:41:26 +0000 2017,@115821  will you deliver my phone i have already paid in full. Order no 405-6215400-8865915,390024,,AmazonHelp
2630048,AmazonHelp,False,Fri Nov 17 18:06:00 +0000 2017,"@742719 We'd like to look into this for you. At your earliest convenience, please contact us here: https://t.co/JzP7hlA23B ^LI",,2630049,AmazonHelp
2460710,AmazonHelp,False,Wed Nov 15 07:39:00 +0000 2017,@704595 Please don’t provide your order details as we consider them to be personal info. Our page is visible to the public. 2/2^SC,2460711,2460712,AmazonHelp
469435,AmazonHelp,False,Sun Dec 03 11:16:29 +0000 2017,"@226779 Being on Twitter we wouldn't be able to arrange a call back. However, if the issue is not resolved via chat or email. Kindly drop your details here: https://t.co/beaaDm0muc and we'll get in touch with you soon. ^BV",,469434,AmazonHelp
1137863,201848,True,Sun Oct 15 15:08:32 +0000 2017,@121284 Will i be able to change alexa voice to English US?????,1137861,1137866,AmazonHelp
2263062,658829,True,Tue Nov 21 11:02:51 +0000 2017,@AmazonHelp Sorted - that email isn't used for an Amazon account anyway!,2263063,2263061,AmazonHelp
2192366,641705,True,Thu Nov 09 20:47:08 +0000 2017,@AmazonHelp Tracking number 205-3768541-9941926. Last 2 days attempted delivery. Been in both days,2192365,2192367,AmazonHelp
2116211,AmazonHelp,False,Wed Nov 08 13:39:26 +0000 2017,@623811 so that we can assist you accordingly. (2/2)^SU,,2116212,AmazonHelp
1890597,563808,True,Sun Nov 26 08:58:24 +0000 2017,@AmazonHelp Trying to reach customer care but it fails always,1890599,1890596,AmazonHelp
2300776,667759,True,Sun Nov 12 17:35:16 +0000 2017,@AmazonHelp Yeah it says delayed now,2300778,2300774,AmazonHelp
384563,207050,True,Mon Oct 09 10:55:56 +0000 2017,@115850 here we go. A brand like amazon cheats on customers. Makes fool of them. Their Cc takes the replacement request and refund request https://t.co/lVYnss6y3z,"384564,384562",,AmazonHelp
1108288,AmazonHelp,False,Wed Nov 08 16:02:41 +0000 2017,@381561 What information was given when you called? Did we mention following up with you? ^LI,1108289,1108286,AmazonHelp
2291156,AmazonHelp,False,Sun Nov 12 10:36:41 +0000 2017,"@665469 Hi Shirelle- Without providing personal info, can you explain further what  has happened? Thank you. ^NV",2291157,2291158,AmazonHelp
1505028,AmazonHelp,False,Fri Nov 03 16:36:00 +0000 2017,@469296 I'm sorry for the delay! We aim to deliver by the date given in your order confirmation e-mail. Have we missed that date? ^TK,1505029,1505030,AmazonHelp
181221,158552,True,Sat Nov 25 01:46:59 +0000 2017,I only wanted one thing for Black Friday and I didn't even have to go to the store to get it thanks to the wonderful invention that is @117795 :D,181219,,AmazonHelp
218093,AmazonHelp,False,Wed Oct 04 22:31:39 +0000 2017,"@167996 Oh no, I'm terribly sorry! To confirm, which carrier was delivering? You can see that info here: https://t.co/Y5jpI9gRhE ^NC",218092,218094,AmazonHelp
1241764,AmazonHelp,False,Wed Oct 25 22:56:55 +0000 2017,"@411286 When you last spoke to us, what information or options were provided?  ^AG","1241765,1241766",1241763,AmazonHelp
665534,AmazonHelp,False,Fri Nov 03 02:26:00 +0000 2017,"@118506 I get your concern, Surendra. COD depends on courier services available at your pincode, seller and product. (1/2) ^SV",,665533,AmazonHelp
181013,158515,True,Wed Oct 04 12:37:15 +0000 2017,"Well, I'm done with @115821. Seriously? Scripted answers to chat support? 3 attempts to find my house that all failed without a call? #fail",181012,,AmazonHelp
386493,207494,True,Mon Oct 09 12:46:59 +0000 2017,@AmazonHelp order-259101304696 deliver was on oct 7th .. Still didn’t receive ..Need it soon..Customer executive is giving same lame reasons,386492,,AmazonHelp
345111,198104,True,Sun Oct 08 02:21:09 +0000 2017,@AmazonHelp At 4pm it said there was a delay but it would show up by 8. At 8 it updated to say it would be here sometime in the next 4 days.,345109,345113,AmazonHelp
1576266,485642,True,Sat Nov 04 18:50:14 +0000 2017,"@AmazonHelp Non pas du tout, et maintenant la commande n'apparaît même plus sur l'application, impossible d'accéder à son suivi",1576267,1576265,AmazonHelp
2939229,812384,True,Wed Nov 29 12:51:32 +0000 2017,Bravo @120533 vous nous faite payer une abonne prime pour être livrais rapidement et au final ben colis perdue en Haut de la France alors que je suis en bas de la France https://t.co/TolL0OEE8D,2939227,,AmazonHelp
438014,219057,True,Tue Oct 10 17:42:37 +0000 2017,@115821 I have e-mailed twice about an order that was delivered with the wrong items and have not received a responce.,438013,,AmazonHelp
2198946,AmazonHelp,False,Fri Nov 10 01:59:00 +0000 2017,"@491999 I'd like to personally help you. Kindly fill in your details here: https://t.co/GIJyeYqKE0, and I'll look into it. ^NR",,1603097,AmazonHelp
1488718,AmazonHelp,False,Fri Nov 03 09:53:27 +0000 2017,"@465794 We haven't received your details yet, kindly share your details from your registered Amazon account through 1/2 ^SY",,1488717,AmazonHelp
332023,AmazonHelp,False,Mon Oct 09 13:07:31 +0000 2017,"@195058 We understand your concern, however kindly revert to the e-mail sent earlier and our team will get back to you shortly. ^RD","332024,332025",332022,AmazonHelp
833948,118356,True,Fri Oct 13 06:31:50 +0000 2017,Order ID 405-4331664-4121908 .. 5 days since I placed the order..No update yet @AmazonHelp,"833946,833950",,AmazonHelp
282731,183360,True,Fri Oct 06 12:20:06 +0000 2017,@115850 Made in India ?,282729,282732,AmazonHelp
1125088,AmazonHelp,False,Sat Nov 25 11:33:50 +0000 2017,@385289 Hey there! Have you been in contact with our customer service about these unknown charges? ^AP,,1125087,AmazonHelp
2455227,AmazonHelp,False,Wed Nov 15 03:54:30 +0000 2017,@703323 Please don’t provide your order details as we consider them to be personal info. Our page is visible to public.2/2^SC,,2455228,AmazonHelp
1246333,AmazonHelp,False,Thu Oct 26 00:57:29 +0000 2017,@412404 Sorry! I'd like a member of my team to review this with you. Please give us more details here: https://t.co/Yylfz8wKww ^VB,,1246334,AmazonHelp
640675,272014,True,Fri Nov 24 06:35:51 +0000 2017,"@115850  Hi Team, i have Ordered Redmi Note 4 on 21st and as i am a PRIME MEMBER it was suppose to delivery on 22nd but noone tried to contact me for delivery and it was not delivered. i called Twice on 23rd and your team agreed and confirmed that there is mistake from yourside",640674,,AmazonHelp
2763547,AmazonHelp,False,Tue Nov 21 08:38:29 +0000 2017,@773063 On reste à votre disposition en cas de besoin. ^AR,,2763546,AmazonHelp
691113,285148,True,Tue Oct 10 18:30:21 +0000 2017,"@AmazonHelp Any idea why my order was randomly delayed? Preordered two books to show up today, just got an email that they are now delayed.",691111,,AmazonHelp
21532,AmazonHelp,False,Wed Nov 15 16:00:31 +0000 2017,"@120700 We would like to help you. Please share your details with us here: https://t.co/GIJyeYqKE0. We'll get in touch shortly. Please don't provide your order details as we consider it personal information. Our twitter page is visible to public.
 ^CB",,21530,AmazonHelp
437885,AmazonHelp,False,Sat Nov 25 06:51:26 +0000 2017,@219016 You can send us an e-mail using this sequence: 1. Prime and Something else 2. More non-order questions&gt; Give Amazon feedback&gt; Opportunities for improvement 3. Choose the E-mail option. Just let us know what'sup and we'll assist. https://t.co/hApLpMlfHN ^EZ,437886,437883,AmazonHelp
2437710,AmazonHelp,False,Sun Oct 29 15:57:00 +0000 2017,"@699273 I'm sorry, we're always working to improve our catalog to ensure access to the best selection of movies &amp; TV shows ^AN",,2437711,AmazonHelp
2761498,AmazonHelp,False,Sat Nov 18 04:07:57 +0000 2017,@625793 I'm sorry about the delay. I have checked and we have not received your details. Request you to share via the secure link mentioned earlier. We'll look into it. ^SB,2761497,2761499,AmazonHelp
1229695,AmazonHelp,False,Wed Oct 25 20:35:35 +0000 2017,@408413 Hey there! We'd like to help. Do you mind telling us a little more about what's going on? ^NM,1229696,1229697,AmazonHelp
477748,228492,True,Fri Dec 01 13:00:32 +0000 2017,"@AmazonHelp I am currently at work right now, but I did click on the link and submit an email with the order number and current issue. It makes me a little uneasy that there's a possibility of it taking up to 12 hours for it to be reviewed. Thank you!","477750,477751",477747,AmazonHelp
198001,162539,True,Wed Oct 04 13:53:44 +0000 2017,"@AmazonHelp Não aparecem. Eu já desinstalei e instalei, mas não resolveu.
Na minha conta, no site, eles aparecem em conteúdo, mas no app não 😢","198000,198002",198003,AmazonHelp
429513,217150,True,Tue Oct 10 15:19:06 +0000 2017,@AmazonHelp Why there is no transparency.. the winner list should be made public.. don't you think so ?,429515,429512,AmazonHelp
2105882,178206,True,Wed Nov 08 13:37:46 +0000 2017,"@AmazonHelp Your site says ""Expected Nov 5 &amp; 6"" (multiple orders) and all the tracking says is ""Arrival Scan Brantford""","2105883,2105884",2105881,AmazonHelp
101807,AmazonHelp,False,Thu Nov 30 19:56:44 +0000 2017,@137086 I get your disappointment. Please be informed that our team is working on the issue and will get it resolved at the earliest.  Appreciate your patience while we are working on this. ^GD,,101806,AmazonHelp
2952231,AmazonHelp,False,Wed Nov 29 18:06:00 +0000 2017,@815185 Great to hear! So glad we could give you a hand- let us know if we can be of any further assistance! ^BL,,2952232,AmazonHelp
1224549,AmazonHelp,False,Mon Oct 16 00:57:00 +0000 2017,@235039 Was this order placed on https://t.co/nUUp5MLhYl or Amazon.ca?,1224550,1224547,AmazonHelp
27351,AmazonHelp,False,Wed Nov 01 10:26:55 +0000 2017,"@121990 I'm so sorry to hear this! When you contacted us, what information or options were given for these orders? ^TH",27352,27353,AmazonHelp
339683,AmazonHelp,False,Sat Oct 07 23:58:27 +0000 2017,"@197062 Have you had the chance to report these incidents with us? If not, you can do so here: https://t.co/hApLpMlfHN ^HC",,339684,AmazonHelp
2934429,803283,True,Wed Nov 29 09:37:49 +0000 2017,@115850 I am not receive my 75 rs cash back yet. My registered mobile number is 8238240804. I am waiting for my cashback.,2934428,,AmazonHelp
1590613,489038,True,Sun Nov 05 00:17:12 +0000 2017,@AmazonHelp Thank you the item was not damaged. The package was shipped with AMZL US.,1590615,1590612,AmazonHelp
56889,128886,True,Wed Nov 01 19:48:07 +0000 2017,@AmazonHelp Why did it change?  That page only tells me it will be 3-5 days.,56887,56890,AmazonHelp
1338761,432264,True,Fri Oct 27 14:57:38 +0000 2017,@115821 i ordered a laptop sleeve and got the wrong size i wanna exchange or return it. pls help,1338760,,AmazonHelp
1640343,501501,True,Sun Nov 05 23:35:54 +0000 2017,"@AmazonHelp não há descrição, mas imagino que seja um kindle unlimited que eu já havia cancelado e pelo jeito aconteceu de cobrarem R$19,90","1640342,1640344",1640345,AmazonHelp
510422,AmazonHelp,False,Fri Dec 01 22:31:57 +0000 2017,@237266 I'm sorry your order hasn't arrived yet! Can you confirm the delivery speed and date showing for the order: https://t.co/aaDyEz1VgE? ^LR,,510423,AmazonHelp
1383833,AmazonHelp,False,Sat Oct 28 09:26:00 +0000 2017,"@442049 Amazon pay balance cannot be transferred to your bank account. However, you can shop  1/2 ^AH",,1383830,AmazonHelp
1827369,357323,True,Wed Oct 18 04:59:16 +0000 2017,@AmazonHelp Refund status shows issued. But yet not credited into my accounts. Other product of ₹189 yet not initiated refund. Will i get for sure?,1827371,1827368,AmazonHelp
495903,AmazonHelp,False,Fri Dec 01 19:12:01 +0000 2017,"@233281 Once you fill in all the issues of the detail on that page it will give you the contact options. Normally Phone, E-mail, and Chat; if you want to reach us by phone you'll select it at the bottom of the page and input your number for our system to connect you. ^GS",495904,495902,AmazonHelp
1122841,383454,True,Tue Oct 24 07:02:47 +0000 2017,@115851 @115850  the winner for cheating through @348 .india is heaven for you cheating People's.,"1122839,1122843",,AmazonHelp
977263,AmazonHelp,False,Sun Oct 22 05:08:39 +0000 2017,@351782 Can you tell me if your order is shipped and sold by a third party seller or by Amazon? Check here: https://t.co/Y5jpI9gRhE ^DW,977264,977261,AmazonHelp
578393,AmazonHelp,False,Sun Dec 03 10:38:54 +0000 2017,"@256156 No problem, Chris. Happy to help!^TI",,578394,AmazonHelp
794499,AmazonHelp,False,Thu Oct 12 14:05:01 +0000 2017,"@123478 Lindo demais, né! 💙 ^DA",,794500,AmazonHelp
507104,AmazonHelp,False,Fri Dec 01 21:51:54 +0000 2017,@236398 Você recomendaria esse livro aos nossos amigos leitores Denise? 📚👏 ^JJ,507105,507103,AmazonHelp
180749,AmazonHelp,False,Wed Oct 04 12:25:36 +0000 2017,@158483 and we will consider your feedback to provide a better shopping experience. [3/3] ^NS,,180750,AmazonHelp
683854,283206,True,Thu Nov 23 12:06:23 +0000 2017,"@AmazonHelp si, es de amazon: Vendido por: Amazon EU S.a.r.L.",683853,683855,AmazonHelp
1259700,415149,True,Thu Oct 26 09:47:42 +0000 2017,@AmazonHelp Getting it at a cheaper price on @118702,1259702,1259699,AmazonHelp
348159,AmazonHelp,False,Sun Oct 08 14:09:30 +0000 2017,@198898 Thank you for the heads up. We're working through it and will be in touch soon. ^MP,,348158,AmazonHelp
2882715,AmazonHelp,False,Tue Nov 28 09:47:29 +0000 2017,"@799782 I understand your concern regarding cash on delivery. Due to certain courier constraints, cash on delivery is not available for all pincodes. We'd like to check this and confirm, kindly connect with us here: https://t.co/vlvfJr4nN9 ^SG",,2882716,AmazonHelp
537434,244581,True,Sat Dec 02 14:12:36 +0000 2017,@AmazonHelp I’ve received nothing. I need a more accurate answer as I will have to go out and purchase them instead. Can you cancel them on my behalf as I’m not receiving any positive updates........,537436,537433,AmazonHelp
425133,134321,True,Sat Nov 18 14:42:07 +0000 2017,@AmazonHelp I am still waiting on this. Do you have any value for your customers and their hard earned money or you people only know how to do fraud?,425132,425134,AmazonHelp
1318193,AmazonHelp,False,Mon Oct 16 11:42:23 +0000 2017,"@427868 Hola Marc, sentimos lo ocurrido. ¿Has conseguido hablar con @130687  para verificar lo que ocurrió con tu pedido? ^DA",1318194,1318195,AmazonHelp
115959,AmazonHelp,False,Wed Nov 22 21:18:00 +0000 2017,"@141822 Hi, hast du eine deutsche Rechnungsadresse und eine deutsche Zahlungsart in deinem Kundenkonto hinterlegt? Gruß ^MI",115952,115960,AmazonHelp
529181,214639,True,Sat Dec 02 09:10:27 +0000 2017,@AmazonHelp Yea I did .. sadly the same bug always!!,529183,529180,AmazonHelp
1281426,AmazonHelp,False,Sat Oct 28 16:44:29 +0000 2017,"@419812 Upon clicking the link shared in the tweet above, you will land on a form. Kindly fill and submit the same. ^CB",,1281425,AmazonHelp
388531,AmazonHelp,False,Mon Oct 09 14:14:44 +0000 2017,"@207427 Please don't provide your order details, as we consider it to be personal information. Our Twitter page is public.​ ^MM",,388532,AmazonHelp
1669793,AmazonHelp,False,Tue Oct 17 15:43:00 +0000 2017,"@508377 Oh no! I'm so sorry to hear this! Have you tried to reach us by phone for real-time assistance? If so, what was advised?^FR",1669794,1669795,AmazonHelp
985462,353570,True,Sun Oct 22 11:01:34 +0000 2017,"@AmazonHelp Its listed directly by Amazon. I was offered a partial refund, then a replacement. But all I need is a lid!",985464,985461,AmazonHelp
1955977,580507,True,Wed Oct 18 17:04:49 +0000 2017,@AmazonHelp Delivery date is today..  it's 6pm already!,1955979,1955976,AmazonHelp
1397871,AmazonHelp,False,Sat Oct 28 15:40:00 +0000 2017,"@121804 I hate that this has happened! Without sharing personal info, can you tell us what's going on? We'd like to help if we can. ^AL",,1397872,AmazonHelp
973501,AmazonHelp,False,Sat Oct 14 06:57:00 +0000 2017,"@350876 Please drop your details here: https://t.co/5RTkvHYUdd, we'll check and get back on this. ^HT",,973502,AmazonHelp
585723,AmazonHelp,False,Sun Dec 03 15:19:52 +0000 2017,"@187903 Power down will switch it off, then when off just start as normal via the power button and you should be good to go. Let us know. ^BD",585724,585721,AmazonHelp
813274,313797,True,Thu Oct 12 19:50:59 +0000 2017,non aspetto il sonno tanto presto e quindi leggo 📕 #kindle #buonanotte,813273,,AmazonHelp
707939,AmazonHelp,False,Tue Oct 10 20:02:41 +0000 2017,@289236 Please don't provide your personal details. Our Twitter page is public.​ 2/2 ^NK,,707940,AmazonHelp
158730,152489,True,Fri Nov 24 17:46:56 +0000 2017,My smartphone journey: Galaxy S | Galaxy S2 | Galaxy S4 | One Plus 1 (among the very first ones to buy) | iPhone 6 | iPhone 6S | and now EXCITED 🤩 to be back to #OnePlus5T.. getting one tomorrow.. can’t wait @115850 pls deliver fast!! Will post another tweet if you do 😁,158728,,AmazonHelp
761257,AmazonHelp,False,Wed Oct 11 20:22:00 +0000 2017,@186383 You can check out what options are available by using this link here: https://t.co/d7B7p7XG9r ^GL,,761258,AmazonHelp
922202,338922,True,Fri Oct 13 17:58:00 +0000 2017,@115850 complained but not a single satisfactory answer. Kept saying that we r working on missing but no deadline… https://t.co/Z6dZ1bSO78,922201,,AmazonHelp
2137439,AmazonHelp,False,Thu Oct 19 08:38:00 +0000 2017,"@628726 we'll contact you at the earliest. Please don't provide your order details, as we (2/3)^AU",,2137438,AmazonHelp
122685,143375,True,Fri Nov 24 00:47:22 +0000 2017,@AmazonHelp Amazon (#113-6452827-7987464),122686,122683,AmazonHelp
167951,155071,True,Sat Nov 25 10:59:14 +0000 2017,@AmazonHelp Still no answer though?,167953,167949,AmazonHelp
1480552,AmazonHelp,False,Mon Oct 16 21:20:33 +0000 2017,"@463796 I'm sorry we let you down. We'd like to go over your options, please reach out to us here: https://t.co/hApLpMlfHN ^CH",,1480553,AmazonHelp
814293,313943,True,Fri Oct 20 17:21:50 +0000 2017,"@AmazonHelp Pues se me a distribuido un producto defectuoso que ha dañado por causa directa una pertenencia, ni el fabricante ni amazon se hace cargo",814295,814292,AmazonHelp
984185,353318,True,Sun Oct 22 10:17:43 +0000 2017,"@AmazonHelp Well, your support team says file for return. But who will pay the balance amount if I buy another tv?#AmazonIndia  #takeresponsibility",984187,984184,AmazonHelp
2319738,672339,True,Mon Nov 13 13:33:49 +0000 2017,"@AmazonHelp Yes...guaranteed delivery on Friday, then satuday, then Sunday, then today, have been offered $5, $20 and 30% refund (on $27 purchase)my word to my client has been damaged, based on failed guarantees and lies from Cust. Svc if I was told the truth, I could have salvaged client :(","2319739,2319740",2319737,AmazonHelp
2265562,659467,True,Sat Nov 11 04:53:52 +0000 2017,あとアマゾンプライム入りたい,2265561,,AmazonHelp
451949,AmazonHelp,False,Thu Nov 30 22:13:00 +0000 2017,"@222192 I'm so sorry you received the incorrect item! If you haven't done so already, please click the following link to initiate the return/replacement process: https://t.co/4p4HwPguR2 ^BV",,451950,AmazonHelp
2036732,602174,True,Wed Oct 18 22:21:32 +0000 2017,What's up with @115821 #AmazonPrime now? The guaranteed delivery date means nothing anymore 😒.,2036730,,AmazonHelp
521658,165144,True,Sat Dec 02 05:17:18 +0000 2017,"@AmazonHelp What I’ve noticed is it doesn’t matter what carrier, just about every other item I order is delayed. This one is for a child’s birthday tomorrow. Shipping was guaranteed today....still waiting",521660,521657,AmazonHelp
2356772,AmazonHelp,False,Mon Nov 13 19:40:27 +0000 2017,"@680830 Olá, Alysson! Você já conferiu as informações de pagamento no seguinte link: https://t.co/uiorbZhZDs. ^NB","2356771,2356773",2356774,AmazonHelp
1109429,381820,True,Sun Oct 15 09:05:52 +0000 2017,"Thanks @115850. On my request u sent my MI HRX band on Saturday. Such encouraging gesture. My 1st 10k run.
#VasaiHeritageRun
#AmazonIN https://t.co/lfTjN9TlUt",1109428,,AmazonHelp
772765,304599,True,Thu Oct 12 01:03:49 +0000 2017,@115821 why is this your throwing axe of choice. i demand to know or you wont see my dime again. tired of the run around by @115821 https://t.co/6IyIold46D,772763,,AmazonHelp
1903422,AmazonHelp,False,Wed Oct 18 13:48:40 +0000 2017,"@567247 Hi there, Emily! Deliveries occur until 21:00. Please keep us posted on delivery! We're here for you! ^FD",,1903423,AmazonHelp
2800419,AmazonHelp,False,Wed Nov 22 00:19:26 +0000 2017,"@781264 Fire TV Stickをご購入いただき、ありがとうございます😊
そのようにおっしゃっていただけて、とても嬉しく思います✨ YM",,2800420,AmazonHelp
1117060,AmazonHelp,False,Fri Oct 20 04:28:03 +0000 2017,@383580 Please reply to the email you've received from our team and we'll reach out to you. ^KA,1117061,1117059,AmazonHelp
2560371,AmazonHelp,False,Thu Nov 16 17:16:31 +0000 2017,@726717 We'd like to help! Has your order already entered the shipping process? You can check here: https://t.co/agmIfWWH9W. Please let us know! ^KJ,2560372,2560373,AmazonHelp
2159237,634239,True,Thu Nov 09 04:25:39 +0000 2017,Amazonの返品の仕方がいまいちわかんない,2159236,,AmazonHelp
2545376,AmazonHelp,False,Thu Nov 16 13:43:32 +0000 2017,"@723487 Hey Dara, can you please confirm from which site the Echo was purchased from? ^BD",2545375,2545377,AmazonHelp
830803,169505,True,Mon Oct 16 12:08:12 +0000 2017,@AmazonHelp worst service,830804,830802,AmazonHelp
607322,AmazonHelp,False,Wed Nov 22 11:44:00 +0000 2017,@264329 すでにお分かりかとは存じますが、Amazonからそのようなメッセージはお送りしておりません。＊SMSにてお客様にご連絡することはございません。Amazonを騙るEメールやSMSが増えているようですので、今後も引き続きご注意ください。 TN,607323,607324,AmazonHelp
128727,AmazonHelp,False,Wed Nov 22 01:23:30 +0000 2017,@144962 I am so sorry about the delay! Has your delivery date changed? What is the last thing the tracking said? ^LS,128726,128728,AmazonHelp
318255,AmazonHelp,False,Sat Oct 07 10:41:00 +0000 2017,@191937 Merci à vous 😉 ^SM,,318254,AmazonHelp
2835669,789295,True,Mon Nov 27 14:52:00 +0000 2017,"Well @115821 Flex missed another delivery schedule. That's 5 delayed or lost pkgs out of 14. While USPS &amp; UPS are 0 loss/delayed out of nearly 100 pkgs delivered. Postman even found 1 pkg in bushes that Flex ""delivered"". 
Seems Flex QoS varys radically. Bad sig-to-noise ratio. https://t.co/xlQ1BZDi01",2835667,,AmazonHelp
1587366,AmazonHelp,False,Sat Nov 04 22:44:34 +0000 2017,"@150316 The offer is still available, you may wanna check the special offers on the product here: https://t.co/glyHQvdc7v. ^SQ",,1587365,AmazonHelp
973498,350874,True,Sat Oct 14 06:52:05 +0000 2017,"damn. car got broken into. lost laptop which isnt a big deal, but they took my new @117634  :'( i was just getting used to having one",973497,,AmazonHelp
2382495,AmazonHelp,False,Tue Nov 14 23:09:28 +0000 2017,@686835 ( *• ̀ω•́ )b SK,,2382493,AmazonHelp
854447,183550,True,Fri Oct 20 15:14:40 +0000 2017,@AmazonHelp @115850 already returned..!! The executive I called last time said that your refund will be initiated in few hours.. but it never happened..,"854449,854445",854450,AmazonHelp
2946799,AmazonHelp,False,Wed Nov 29 16:40:00 +0000 2017,"@813920 Ficamos curiosos Camila, qual deles escolheu? 😱 ^AZ",2946800,2946797,AmazonHelp
2984635,AmazonHelp,False,Thu Nov 30 06:07:27 +0000 2017,@150316 The winners are selected on random basis. We wish you all the best for the contest. :) ^HR,2984636,2984637,AmazonHelp
1983544,AmazonHelp,False,Wed Oct 18 18:43:36 +0000 2017,"@587121 Hello Roni, can you explain with more details what happened without posting personal information? ^DA",1983545,1983546,AmazonHelp
780349,306312,True,Thu Oct 12 05:46:32 +0000 2017,Hey @115851 while u build large businesses - could u find a way to teach @115850 how to manage large appliances?,780347,,AmazonHelp
384557,207048,True,Mon Oct 09 10:57:15 +0000 2017,@115821 I've been looking days and ages for these sorts of shoes and if these don't fit I'm gonna tilt so hard,384555,384558,AmazonHelp
777176,AmazonHelp,False,Thu Oct 12 03:40:00 +0000 2017,@305543 I'm sorry for the delay. Please contact us here: https://t.co/390YBDkwRS and we'll be happy to help. ^SH,,777177,AmazonHelp
2897542,802821,True,Wed Nov 29 16:31:17 +0000 2017,@AmazonHelp Unless you are going to pay my overtime rate for me to stay at work for the extra 5hours,2897544,2897541,AmazonHelp
420648,215261,True,Tue Oct 10 07:17:21 +0000 2017,"@AmazonHelp I have two packages coming today from Amazon, I have no idea if they'll be in the same box if they'll be in different boxes.",420646,420652,AmazonHelp
264647,AmazonHelp,False,Tue Oct 10 07:06:36 +0000 2017,"@179059 Please don't provide your order details, as we consider it to be personal info. Our page is visible to the public. 3/3 ^PS",,264648,AmazonHelp
841302,AmazonHelp,False,Fri Oct 13 12:11:54 +0000 2017,@217518 Leider kann ich das nicht prüfen. Frag doch bitte mal meine Kollegen via: https://t.co/va1VRoK7GS Liebe Grüße ^DW,"841303,841304",841305,AmazonHelp
2979633,AmazonHelp,False,Thu Nov 30 04:17:52 +0000 2017,@821755 仮面ライダーアマゾンが・・・・！(ﾟoﾟ*)w EK,2979634,2979635,AmazonHelp
323344,192999,True,Sat Oct 07 14:27:46 +0000 2017,Still waiting for Shipping.. i hope Everything goes well @AmazonHelp is there any problem? Cuz you says it's shipping  OCT 6 ?! https://t.co/7yuNaUbM2d,323342,,AmazonHelp
459933,224290,True,Fri Dec 01 01:47:01 +0000 2017,"Hey @115821 your apps not giving me the option to buy the thing in my cart. Help! I looked up how to buy things on your app, but I don’t see a “proceed to checkout” button anywhere. Pls help!",459931,,AmazonHelp
902314,AmazonHelp,False,Sat Oct 21 00:32:01 +0000 2017,"@334211 I'm sorry to hear this, Harrison! Just to confirm, did we miss the date provided in your order confirmation email? ^HC",902315,902316,AmazonHelp
139087,AmazonHelp,False,Fri Nov 24 11:16:25 +0000 2017,@147342 I just checked this item myself on the website and can see the Free Delivery option. Have you tried placing the order using a different browser or through a computer instead of the app? ^BZ,139088,139085,AmazonHelp
2797157,780478,True,Tue Nov 21 22:57:26 +0000 2017,"@AmazonHelp Shipper - FiNeWaY, doesn’t give you an option on the check out page to have an amazon box",2797159,2797156,AmazonHelp
1307784,AmazonHelp,False,Mon Oct 16 12:30:01 +0000 2017,@375444 Kannst du uns bitte mal den Link hierzu schicken? ^SK,1307785,1307782,AmazonHelp
747717,298743,True,Wed Oct 11 17:28:33 +0000 2017,@AmazonHelp Have you asked  him that is your service  area on some specific pin code is only 4km bcz they want to save money of staff..,747718,747710,AmazonHelp
2159718,AmazonHelp,False,Thu Oct 19 11:38:31 +0000 2017,"@629169 Himanshu, please share your details here: https://t.co/GIJyeYqKE0 and we'll review it and reach out to you. ^MS",2159719,2159716,AmazonHelp
294777,186214,True,Fri Oct 06 17:55:45 +0000 2017,@AmazonHelp Yes I've done both and the advisors tell me to wait for a specialist to contact me and they never do,294779,294776,AmazonHelp
1710828,AmazonHelp,False,Tue Nov 07 02:02:32 +0000 2017,"@518276 I definitely understand your concern, Josh! Please keep us updated about the scope once you have used it! ^HM",,1710826,AmazonHelp
656061,276073,True,Wed Nov 22 22:42:52 +0000 2017,"@AmazonHelp I asked to speak to a manager and it feels like I'm being actively discouraged from talking to one.

This is pretty horrible.",656059,656062,AmazonHelp
190526,160712,True,Wed Oct 04 21:22:35 +0000 2017,@AmazonHelp Tenho um gosto eclético e adoro livros de época estou lendo um livro de Sarah Maclean o título é (Nunca julgue uma Dama pela Aparência)😍📚,190527,190525,AmazonHelp
2311207,670296,True,Mon Nov 13 05:01:18 +0000 2017,"Amazonで買ったパーカーもう一週間近く経ってるのに届かない😑
届く気配すらもない…",2311206,,AmazonHelp
914212,184024,True,Sat Oct 21 08:25:04 +0000 2017,@116090 can someone explain to me what the hell is going on with my order,914210,,AmazonHelp
513452,238166,True,Sat Dec 02 00:09:06 +0000 2017,"@115821 @116935 this is the 4th vinyl album I received that is warped! What’s going on in the warehouses and/or shipping? It’s frustrating to have to constantly return. You have a great return policy, but the time is the frustrating part.",513450,,AmazonHelp
1438224,AmazonHelp,False,Thu Nov 02 10:39:32 +0000 2017,@453790 I understand your concern with the order received. Call us here: https://t.co/vlvfJr4nN9 &amp; we'll help you right away. 1/2 ^SF,,1438223,AmazonHelp
234228,AmazonHelp,False,Tue Oct 03 07:39:30 +0000 2017,@171762 Please share your details with us here: https://t.co/GIJyeYqKE0 and we'll be sure to investigate this. (1/2) ^ZH,234227,234229,AmazonHelp
1380525,AmazonHelp,False,Sat Oct 28 05:43:30 +0000 2017,@441352 We're right on it! We'll get back to you soon. ^AG,,1380523,AmazonHelp
879994,AmazonHelp,False,Mon Oct 16 06:17:30 +0000 2017,@328919 I understand your concern. Kindly contact us here:  https://t.co/rS49hgaADF and we will be glad to assist you. ^VH,,879993,AmazonHelp
2834293,AmazonHelp,False,Mon Nov 27 18:00:01 +0000 2017,"@788987 We will make sure to find a solution to make things right, appreciate your patience while we work on a resolution. ^MJ",,2834292,AmazonHelp
739096,AmazonHelp,False,Thu Oct 12 06:53:27 +0000 2017,@296764 I'm sorry for the inconvenience in delivering this order. The secured link shared is different from the links that are 1/2^MJ,,739094,AmazonHelp
2113693,387917,True,Wed Nov 08 15:15:22 +0000 2017,@115821 why can`t i find all the AmazonBasics products on Amazon.de ?,2113691,,AmazonHelp
257166,177164,True,Thu Oct 05 19:34:03 +0000 2017,@AmazonHelp apparently my package hasn’t been handed over to usps yet... it was supposed to arrive to me yesterday...,257165,,AmazonHelp
347793,AmazonHelp,False,Sun Oct 08 05:47:23 +0000 2017,"@198823 Also, If the review doesn't meet guidelines it wouldn't be posted. (2/2) ^KA",347794,347795,AmazonHelp
931935,AmazonHelp,False,Fri Oct 13 22:30:51 +0000 2017,"@215396 To count, the purchases need to be made on https://t.co/z715HZipmg. You can add the website as a bookmark on your device. ^BH",,931936,AmazonHelp
2463051,AmazonHelp,False,Wed Nov 15 09:34:26 +0000 2017,@504289 What does the current tracking for your order say:  https://t.co/aaDyEz1VgE ? ^MI,2463052,2463037,AmazonHelp
1434010,AmazonHelp,False,Sat Oct 28 20:45:40 +0000 2017,"@452957 I'm sorry you received your order in this condition! To confirm, who's the carrier shown here: https://t.co/Y5jpI9gRhE? ^SB",,1434011,AmazonHelp
1545718,478710,True,Sat Nov 04 08:16:24 +0000 2017,@AmazonHelp I'm trying to get someone at seller support. Is there a way for them to call me?,1545719,1545716,AmazonHelp
2128877,375093,True,Wed Nov 08 19:40:19 +0000 2017,"@AmazonHelp Deux fois par téléphone la semaine dernière avec : «  on vous recontacte vendredi 03/11 », mais aucune nouvelles. Par mail ce dimanche mais tjrs rien. Ça commence sévèrement à me fatiguer.",2128879,2128876,AmazonHelp
1239728,124791,True,Mon Nov 13 05:41:09 +0000 2017,"@AmazonHelp A rarity with @115821 but still disappointing. More so as it has arrived in my town (destination).
Will be glad if I receive it before my flight in evening. https://t.co/HhD7XlIAKH",1239726,1239729,AmazonHelp
1432327,AmazonHelp,False,Thu Nov 02 13:23:27 +0000 2017,@452591 Sorry to hear this! Have you attempted restarting the device to see if that resolves the issue? ^TH,1432328,1432329,AmazonHelp
356790,AmazonHelp,False,Sun Oct 08 14:59:37 +0000 2017,"@200718 We were unable to replicate an error. When you check the homepage of the Alexa app, what did Alexa hear when you asked this? ^LB",,356791,AmazonHelp
180539,AmazonHelp,False,Wed Oct 04 12:41:01 +0000 2017,"@158442 Pode sim, vamos dar uma olhada no seu caso. Sempre que tiver alguma dúvida, é só chamar! ^VL",,180538,AmazonHelp
460019,224304,True,Fri Dec 01 01:36:06 +0000 2017,@AmazonHelp My fire stick keep showing the message ‘Home is currently unavailable We are currently unable to connect to our servers.’ My WiFi is working fine. Are your servers down?,460017,,AmazonHelp
1139783,AmazonHelp,False,Tue Oct 24 10:25:00 +0000 2017,"@388300 Also, don’t provide your order details as its personal information. Our Twitter page is visible to public. 2/2 ^RS",,1139784,AmazonHelp
2390377,688590,True,Tue Nov 14 09:25:31 +0000 2017,@115830 it's an absolute joke I pay for prime and now you are charging a delivery fee that was free with prime!!! Ragging 😡 #Amazon #AmazonPrime,2390376,,AmazonHelp
2894545,802184,True,Tue Nov 28 19:06:08 +0000 2017,"@AmazonHelp Ok, guessing this is being resolved @ the backend by @119625 - Definitely not what I was hoping for given I had already watched 80% of this one. 

P.s. : Any solution, other than planning a trip to the country where I might be able to access this? ✌️😐✌️😐✌️😐✌️ https://t.co/y2IdCbF8tr",2894546,2894544,AmazonHelp
689181,AmazonHelp,False,Thu Nov 23 14:35:51 +0000 2017,"@284674 Bonjour, votre petit message a porté ses fruits 🙂 Ravi d'apprendre que vous avez réceptionné votre commande.
^ARC",689180,689182,AmazonHelp
2465262,AmazonHelp,False,Wed Nov 15 10:01:28 +0000 2017,"@705493 Leider liegt uns keine Information vor, ob und wann der Echo wieder in Nussoptik angeboten wird. Ist Eichenoptik eine Alternative? https://t.co/dOL12guofH ^UK","2465263,2465264",2465265,AmazonHelp
2152542,632526,True,Thu Nov 09 00:53:08 +0000 2017,"@115821 tava elogiando muito, porém MUITO FRÁGIL O APARELHO
nem 1 mes d uso ja vão ter que trocar",2152541,2152543,AmazonHelp
2454479,402015,True,Wed Nov 15 03:25:25 +0000 2017,"@AmazonHelp It show as delivered last night. I also got confirmation texts. I don't care about the rest of the order I need that package for work please! 
ORDER # 113-1914616-6784212",2454478,2454480,AmazonHelp
2471635,146721,True,Wed Nov 15 11:36:22 +0000 2017,"@AmazonHelp confused i wish to purchase a dot, the smart plug isnt required is it?",2471634,,AmazonHelp
108197,AmazonHelp,False,Thu Nov 23 19:36:00 +0000 2017,"@140016 Hola Sam, estamos felices que se ha resuelto tu inconveniente. Cualquier duda adicional o inconveniente, estamos aquí para ayudarte. ^DA",,108198,AmazonHelp
254651,176525,True,Thu Oct 05 18:04:39 +0000 2017,@AmazonHelp This was work purchase w/ work credit card &amp; now I'm told I have to wait up to 24 hrs for a call back to reactivate! (2) https://t.co/KUvSUSh7Zb,254649,,AmazonHelp
181169,158541,True,Wed Oct 04 12:26:10 +0000 2017,@AmazonHelp hey can you check DMs,"181168,181170",,AmazonHelp
2486996,239069,True,Wed Nov 15 16:32:46 +0000 2017,"@AmazonHelp I received an email when I first bought it saying that the delivery date was pending but the app itself said the 14th of Nov, however that's since changed to match the email, and I've had no other email to say anything else. Only ask because it's for Christmas",2486994,2486997,AmazonHelp
2529240,AmazonHelp,False,Thu Nov 16 06:37:59 +0000 2017,@720089 ご不便をおかけしております。状況を確認した上で対応させていただきますので、恐れ入りますが、以下のリンクよりカスタマーサービスにお問い合わせください。https://t.co/KXgivZWFdL RI,,2529241,AmazonHelp
183675,AmazonHelp,False,Wed Oct 04 12:45:00 +0000 2017,@159191 I'm sorry for the delay in picking up your return. You can contact us through this link:  https://t.co/JzP7hlA23B ^EM,,183676,AmazonHelp
2676436,AmazonHelp,False,Tue Oct 31 13:50:11 +0000 2017,@753303 personal information. Our page is visible to the public. (3/3)^SU,2676437,2676438,AmazonHelp
2776360,775759,True,Tue Nov 21 09:31:28 +0000 2017,@AmazonHelp Does this mean I have to put more money into the bank?,2776359,2776361,AmazonHelp
528248,242297,True,Sat Dec 02 08:40:02 +0000 2017,@AmazonHelp Thank you! I never knew that page even existed 😘 I’ve left some feedback,528247,528249,AmazonHelp
2295131,AmazonHelp,False,Sun Nov 12 00:35:33 +0000 2017,"@666439 I'm sorry for the trouble with Alexa. I recommend checking the conversation history here: https://t.co/sstLltOA07 If you're not seeing a reason for the response, please reach us via phone or chat: https://t.co/CYqkdUakWJ ^SJ","2295132,2295133",2295134,AmazonHelp
294243,185733,True,Sat Oct 07 12:03:50 +0000 2017,@AmazonHelp When?,"294244,294245",294242,AmazonHelp
523409,240943,True,Sat Dec 02 15:52:01 +0000 2017,@AmazonHelp I emailed and received a scripted response basically telling me tough luck.  Time to send back the two Echo Dots I just purchased. 😞,523411,523407,AmazonHelp
728776,294240,True,Wed Oct 11 06:47:25 +0000 2017,"@115850 @AmazonHelp 
What the hell is this..Until yesterday u told that I'll get my phone by EOD and now this email from u guys. https://t.co/h2PrqiD3NZ","728775,728777",,AmazonHelp
2288271,664799,True,Thu Oct 19 20:09:46 +0000 2017,@AmazonHelp Segunda ou terça. É o livro que eu mais quero ler esse ano! &lt;3,2288273,2288270,AmazonHelp
2871635,AmazonHelp,False,Tue Nov 28 02:47:00 +0000 2017,@797344 Yikes! I'm sorry that happened. You can see what to do here: https://t.co/rIm3vXaP7V.  Hope this helps. ^LL,,2871636,AmazonHelp
671672,AmazonHelp,False,Thu Nov 23 09:21:24 +0000 2017,@145862 Sorry to hear that. If you check your tracking here: https://t.co/aaDyEz1VgE can you tell me what the most recent tracking update was?^TI,671673,132371,AmazonHelp
2644755,170991,True,Tue Oct 31 04:26:04 +0000 2017,@128308 Will Alexa be available on the FireTV in India too? Or just for Amazon Echo Devices. 😯,2644754,,AmazonHelp
2968281,523431,True,Wed Nov 29 23:53:44 +0000 2017,"@AmazonHelp No, I received a response telling me about spam emails, only they aren't spam emails I am receiving, i responded again asking that the account was closed &amp; haven't heard anything since.",2968280,2968282,AmazonHelp
827928,317229,True,Fri Oct 13 02:18:50 +0000 2017,I don’t know why it takes DAYS to get @115833 working after getting a new #iPhone 😕,827926,,AmazonHelp
842380,AmazonHelp,False,Fri Oct 20 14:02:33 +0000 2017,@320351 Sorry for the hassle. Please report this to our support team here: https://t.co/vlvfJr4nN9 and we'll check this. ^HN,,842378,AmazonHelp
197753,AmazonHelp,False,Sat Oct 07 14:56:27 +0000 2017,@162507 Sorry for the trouble. Please revert to the email you've received from us. ^HN,,197752,AmazonHelp
2600798,AmazonHelp,False,Fri Nov 17 07:25:30 +0000 2017,@__567___ ありがとうございます。( ´艸｀) ｳﾌﾌ ET,2600797,2600799,AmazonHelp
2104975,322316,True,Wed Nov 08 12:46:00 +0000 2017,@AmazonHelp I have 2 packages that showed as delivered but has not arrived. Please advise Q68336713243 and Q26011154743,2104974,,AmazonHelp
2115561,AmazonHelp,False,Wed Nov 08 17:28:00 +0000 2017,"@623657 Danke für den Hinweis, Ralph. Generell findet jeder hilfreiche Tips gleich hier: https://t.co/kMf6ahOeRI Gruß ^DS",,2115562,AmazonHelp
2662772,AmazonHelp,False,Sun Nov 19 08:43:24 +0000 2017,@750436 ご心配をおかけしております。状況をお調べした上でご案内いたしますので、Amazonが発送する商品の場合は以下のリンクよりカスタマーサービスにお問い合わせください。https://t.co/J6YEizo6qC なお出品者が発送する商品の場合は出品者にお問い合わせください。https://t.co/ZXCXcbN3Tv TN,2662770,2662773,AmazonHelp
1721641,AmazonHelp,False,Tue Nov 07 08:13:27 +0000 2017,@520994 Reach us here:  https://t.co/hApLpMlfHN so we can check into this for you.^CD,1721642,1721643,AmazonHelp
2141280,AmazonHelp,False,Thu Nov 09 00:08:27 +0000 2017,"@629674 I'm sorry for the frustration. Please, reach out to us for more info and to look at your options: https://t.co/hApLpMlfHN ^EB",,2141278,AmazonHelp
1173872,AmazonHelp,False,Tue Oct 24 20:26:10 +0000 2017,"@396102 Please don't provide your order details, we consider it personal info. Our Twitter page is visible to public. ^NR 2/2",,1173873,AmazonHelp
2290745,511522,True,Sun Nov 12 08:25:26 +0000 2017,"@AmazonHelp Replacement Order : 408-0458081-5028304
Replacement requested on: Oct 31, 2017",2290743,2290747,AmazonHelp
2879491,AmazonHelp,False,Tue Nov 28 07:53:27 +0000 2017,"@772338 We've escalated the issue to our relevant team. You must have received an email from our account specialist team, kindly reply to it as only they'll be able to help you with the issue. ^SH",2879487,2879492,AmazonHelp
2408739,AmazonHelp,False,Tue Nov 14 15:53:03 +0000 2017,@692582 I'm so sorry about the delivery issues! Please reach out to us here so we can leave carrier feedback: https://t.co/hApLpMlfHN ^JY,,2408740,AmazonHelp
1373867,AmazonHelp,False,Mon Oct 16 15:21:00 +0000 2017,@439772 Apologies for delivery issues. Did you try reporting this to our team from the mobile app? ^VN,1373868,1373869,AmazonHelp
1238950,410612,True,Wed Oct 25 21:46:21 +0000 2017,Hey @116618 @129773 I keep getting this error when I try to play a video. I’ve already switched my account back to US. Help plz. https://t.co/hRJ6QZ7lGZ,1238948,,AmazonHelp
1864713,AmazonHelp,False,Mon Oct 30 08:42:31 +0000 2017,@557112 ご迷惑をおかけしております。該当の注文など詳細を確認した上でご案内させていただきますので、恐れ入りますが、ご注文商品がAmazonが発送する商品の場合は、リンクよりカスタマーサービスにお問い合わせください。https://t.co/J6YEizo6qC TN,1864714,1864715,AmazonHelp
942173,AmazonHelp,False,Sat Oct 21 16:33:01 +0000 2017,"@343350 Sorry about that, please use this e-mail address to escalate your inquiry: __email__ ^WM",,942171,AmazonHelp
2287969,AmazonHelp,False,Sun Nov 12 00:06:06 +0000 2017,@664732 I'm sorry your order has yet to arrive. Did we miss the delivery date given in your confirmation e-mail? ^GG,2287965,2287970,AmazonHelp
1423492,450791,True,Thu Nov 02 09:56:30 +0000 2017,@AmazonHelp いいえ、最近購入したのでまだ見られていません。 サインイン自体は出来ますがPCのデバイス登録にTVが出てきません。,"1423494,1423495",1423491,AmazonHelp
704416,AmazonHelp,False,Thu Nov 23 18:52:50 +0000 2017,@288326 I'm sorry to see this. Have you has a chance to set up your unattended delivery preferences here: https://t.co/ysnxJDwOa8? ^GR,704417,704418,AmazonHelp
999164,148568,True,Sun Oct 22 17:43:00 +0000 2017,@AmazonHelp @115821 why?,999165,999161,AmazonHelp
2126248,AmazonHelp,False,Fri Oct 20 10:34:26 +0000 2017,@181771 Sorry to hear about this. Is there any update on the tracking?: https://t.co/aaDyEz1VgE ^PK,2126249,2126246,AmazonHelp
2793018,AmazonHelp,False,Tue Nov 21 21:25:00 +0000 2017,"@779460 This is right unacceptable. Please let us know if the contents of your parcel are okay. In the meantime, let's forward your comments to a member of our packaging team: https://t.co/3eC85GYueL ^FD",2793019,2793020,AmazonHelp
2886609,AmazonHelp,False,Tue Nov 28 12:16:57 +0000 2017,"@658579 I apologize for the experience you had, Naved.  Allow our support team to look into this. You can connect with us here: https://t.co/R3EfhzgU8B ^NK",,2886610,AmazonHelp
1606243,493444,True,Tue Oct 17 10:48:45 +0000 2017,@AmazonHelp Yes but the bundle price of 1194 today is becoming 1598 the moment it is added into cart. This is a bug which you can't deny.,1606245,1606242,AmazonHelp
2367298,AmazonHelp,False,Sun Nov 26 17:07:53 +0000 2017,"@233975 Bonjour,
Cela aurait été avec grand plaisir. Cependant, nous ne fournissons pas ce type de service.
^MD",2367297,2367299,AmazonHelp
1322562,AmazonHelp,False,Fri Oct 27 10:20:30 +0000 2017,"@200366 Apologies - once we have the stock, your order will be fulfilled ^TD",,1322561,AmazonHelp
990740,AmazonHelp,False,Sat Oct 14 15:35:36 +0000 2017,"@354687 I understand your concern, Prashant. We've forwarded your feedback to the team concerned for review. ^HD","990741,990742,990743",990739,AmazonHelp
1407686,AmazonHelp,False,Mon Oct 16 17:06:31 +0000 2017,@447200 I'm sorry for the confusion. Please contact us directly to look into this for you here: https://t.co/hApLpMlfHN ^JF,1407687,1407688,AmazonHelp
1611179,494523,True,Sun Nov 05 12:59:09 +0000 2017,@AmazonHelp There is no option to return this item as it shows as preparing for despatch https://t.co/7Symf1cB5Y,1611180,1611178,AmazonHelp
1756523,AmazonHelp,False,Tue Nov 07 19:33:04 +0000 2017,"@528903 Bonjour, pouvez-vous nous donner plus de détails par rapport au colis que vous recevez ? ^ME",1756524,1756525,AmazonHelp
2867201,795716,True,Tue Nov 28 00:45:07 +0000 2017,@AmazonHelp .... yes as i told your rep who said i have to wait up to 36 hours when i  was promised it today,2867199,2867202,AmazonHelp
2394461,288310,True,Wed Nov 15 02:16:11 +0000 2017,@AmazonHelp OMG for 1 order i am doing so much tweets. And problem has not resolved yet.  Do take some action otherwise u will loose ur 1 customer.  I wish i could have looked for flipkart instead,2394471,2394459,AmazonHelp
16808,119701,True,Fri Nov 03 03:25:28 +0000 2017,@AmazonHelp Do u hav brain the product is taking more then a week to reach me and i am #primememeber and can u read i need a #refund now i dnt #trust,"16809,16810,16811",16805,AmazonHelp
164972,154241,True,Fri Nov 24 19:41:47 +0000 2017,@154242 @153826 @115830 Four of my orders got returned as apparently I refused delivery. Not sure how I did that as they were going to an Amazon Locker.,164970,163542,AmazonHelp
885352,330228,True,Fri Oct 13 17:05:50 +0000 2017,"@AmazonHelp Hi Team,did not receive complete refund. Is this how you cheat a customer. Pls call back. @115821 @AmazonHelp @115850 @123644 @115851",885354,885351,AmazonHelp
2602898,591075,True,Sun Nov 26 21:18:31 +0000 2017,"@AmazonHelp To the offering? The seller is TaoTronics, they were branded “amazon basics” when I purchased them.",2602896,2602903,AmazonHelp
1439778,454124,True,Thu Nov 02 11:27:17 +0000 2017,"@116316 Paket kam schon heute, echt geil! Allerdings ist da kein Netzteil mit bei :( - und das Originalnetzteil liegt der Retoure bei. https://t.co/n7h5ShzEzV",1439777,,AmazonHelp
2678800,AmazonHelp,False,Tue Oct 31 14:53:00 +0000 2017,"@753786 Sorry for the trouble with your order. We'd like to look into this further, please reach out to us here: https://t.co/JzP7hlA23B ^CO",,2678801,AmazonHelp
2864747,AmazonHelp,False,Mon Nov 27 23:59:00 +0000 2017,@236819 We'd like to look into this. Please pass your details to us here: https://t.co/oihDQAkYkF  ^RR,,2864748,AmazonHelp
2804318,AmazonHelp,False,Wed Nov 22 01:59:00 +0000 2017,@782199 ご利用ありがとうございます🙏✨SK,2804319,2804320,AmazonHelp
1626022,AmazonHelp,False,Tue Oct 17 12:26:28 +0000 2017,"@147325 De nada, cualquier duda adicional o inconveniente, estamos aquí para ayudarte. ^DA",,1626023,AmazonHelp
2573815,729898,True,Thu Nov 16 20:20:43 +0000 2017,@AmazonHelp I pre-ordered an item way back off in September and got an email on October 18th saying it was delayed what's the deal?,2573812,,AmazonHelp
101224,138150,True,Thu Nov 30 15:56:24 +0000 2017,"@115850 @5869 @132995 Sir I have better business mind more then who do MBA, but I have no any platform 
I request give me opportunity for this. I promised I will not get salary one year.",101222,5161,AmazonHelp
2266811,AmazonHelp,False,Sat Nov 11 07:24:28 +0000 2017,"@659789 Hi, that's strange. Have you tried uninstalling / reinstalling the app? This usually fixes intermittent issues. Also, have you tried another browser from your notebook? ^TP",2266812,2266813,AmazonHelp
226057,169973,True,Fri Sep 29 13:57:45 +0000 2017,"@115850 On 25th sept, I have received  64 gb samsung memory card but its a faulty one. On 26th, I have sent a request for replacement but nothing has happened since then. I demand a swift action. Bill order is  408-9130123-3589128",226056,,AmazonHelp
2544923,249487,True,Sun Nov 26 20:16:49 +0000 2017,"@AmazonHelp @115821 Adding multiple 3rd party auth keys is broken. None of the new keys I auth to devices work for 3rd party auth, only the original key. This is really frustrating and needs fixed.",2544921,,AmazonHelp
2791942,AmazonHelp,False,Tue Nov 21 20:51:00 +0000 2017,@329886 I'm sorry your package was delivered improperly! We'd like to look into this with you. Please reach us by phone here: https://t.co/JzP7hlA23B ^JM,,2791943,AmazonHelp
2858190,794322,True,Mon Nov 27 21:59:06 +0000 2017,@AmazonHelp Dear AJ..i tweeted here since the chatdesk was clueless about Kohls returns.Amp your game. Please ! Ps:checked with friends..they cant return either.,2858192,2858189,AmazonHelp
1568792,AmazonHelp,False,Sun Nov 05 08:48:01 +0000 2017,@483994 As informed earlier we will not be able to arrange a call back from here. Kindly contact us here: https://t.co/rS49hgaADF. ^VH,,1568791,AmazonHelp
993276,336306,True,Sun Oct 22 15:56:42 +0000 2017,@AmazonHelp Da brauch ich keine Hoffnung mehr dran haben oder? https://t.co/cuVq8DIiMY,993277,993274,AmazonHelp
682574,282895,True,Sat Oct 21 11:49:50 +0000 2017,@AmazonHelp Your team is not working this is the concern. Be quick please.,682573,682575,AmazonHelp
546340,247043,True,Sat Dec 02 17:29:45 +0000 2017,Really @115830  #amazonpackaging #waste https://t.co/lvMFne7RKD,546339,,AmazonHelp
1395051,444428,True,Sat Oct 28 14:02:03 +0000 2017,"@115850 @115851 
Totally unprofessional, bought Xbox on preorder offer, CC team refused any such promo existed, 10 days  no resolution. https://t.co/bNlpeOujdC",1395050,,AmazonHelp
2634804,AmazonHelp,False,Fri Nov 17 19:51:00 +0000 2017,"@529221 Hmm, that is strange! Thank you for the information! So that we may see the item better, can you link us to it? ^AL",2634805,2634802,AmazonHelp
1135936,AmazonHelp,False,Tue Oct 24 09:24:31 +0000 2017,@387613 Please contact us here: https://t.co/vlvfJr4nN9 and we'll help you with the cancellation of the order. 1/2 ^RS,,1135935,AmazonHelp
13174,AmazonHelp,False,Wed Nov 01 01:53:33 +0000 2017,@118707 Parece um livro interessante demais. Espero que curta muito da leitura dele! :D Abraço. ^CR,,13175,AmazonHelp
2200669,AmazonHelp,False,Sun Nov 26 14:23:29 +0000 2017,"@643614 Hi there! I'm sorry that you're having some trouble with the hints on the Echo Show. This link provides information on all of the Show's settings: https://t.co/fy5a13Hi6P  If none of those settings are helpful, please reach out to us for further assistance!  ^SP",2200670,1722503,AmazonHelp
471577,AmazonHelp,False,Fri Dec 01 08:44:26 +0000 2017,"@227290 Bonjour, Je suis sincèrement navré pour ce désagrément. L'avez-vous signalé à notre service?
^YL",471578,471579,AmazonHelp
243207,AmazonHelp,False,Thu Oct 05 14:32:31 +0000 2017,@173751 Please don’t provide order details as we consider them to be personal info. Our Twitter page is visible to public. (2/2)^BS,,243208,AmazonHelp
385945,207370,True,Mon Oct 09 12:52:53 +0000 2017,@AmazonHelp I got that email in September with no other update. I checked the order status Sunday to see if it shipped when I saw the new date.,385946,385944,AmazonHelp
1201273,AmazonHelp,False,Wed Oct 25 13:26:38 +0000 2017,@402248 Il est possible de le faire via ce lien https://t.co/hgIrz98cdI ^SN,,1201271,AmazonHelp
799675,AmazonHelp,False,Tue Nov 21 09:42:00 +0000 2017,@124092 Please keep us posted on the progression of this order please. ^GA,,799673,AmazonHelp
324399,193278,True,Sun Oct 08 04:23:30 +0000 2017,@AmazonHelp It’s been 10 hours to your reply. May i know when you will be reverting?,324400,324398,AmazonHelp
2273193,661254,True,Sat Nov 11 14:10:44 +0000 2017,@AmazonHelp also you do nothing!! Amazing support amazon 😓,2273194,2273192,AmazonHelp
1919928,AmazonHelp,False,Wed Oct 18 14:48:33 +0000 2017,"@571577 Hola, ¿cuál es la fecha estimada de entrega de tu pedido? ^LG","1919929,1919930",1919931,AmazonHelp
1993255,AmazonHelp,False,Wed Oct 18 19:29:07 +0000 2017,@589895 Merci à vous pour votre compréhension et votre patience ^RA,,1993256,AmazonHelp
1153295,391361,True,Sun Oct 15 17:37:03 +0000 2017,"@AmazonHelp are you having issues with Fire Stick.  Both ones show connecting to wireless, but not internet.  We've restarted router+sticks",1153294,,AmazonHelp
2870709,147140,True,Tue Nov 28 02:20:06 +0000 2017,@AmazonHelp Compre o Paperwhite e ja comprei a promo do unlimited ✌🏼,2870708,2870710,AmazonHelp
1604083,AmazonHelp,False,Sun Nov 05 08:24:00 +0000 2017,@492217 Hi. You can get in touch with us via this link: https://t.co/hApLpMlfHN We'll be happy to help. ^DC,,1604084,AmazonHelp
44529,125878,True,Wed Nov 01 17:30:51 +0000 2017,@AmazonHelp It’s not downloading any of the books I have and it won’t delete the ones I’ve returned,44531,44528,AmazonHelp
2419954,AmazonHelp,False,Sat Nov 25 22:24:33 +0000 2017,@672799 That's a great question. The charge is an authorisation that we make when a card is first used. You can learn more about these charges here: https://t.co/zQBVqnu8nn  ^KB,,2419955,AmazonHelp
2159219,AmazonHelp,False,Thu Nov 09 04:48:37 +0000 2017,@529827 Don't be sorry! We always strive to improve and we appreciate any feedback. You're always welcome to ask for help. ^EB,,2159220,AmazonHelp
2401323,690906,True,Tue Nov 28 08:53:58 +0000 2017,"@AmazonHelp What the hell is going on ! After 60 days no 250 CB by amazon  
Amazon giving false promise to their customers I already complaint this issue in consumer forum.","2401324,2401325,2401326",2401322,AmazonHelp
2962798,817544,True,Wed Nov 29 21:18:25 +0000 2017,"Thank you @116090 , for handing off my parcel to another resident, who is not me. So I do not have my item -_-",2962797,,AmazonHelp
2236505,652215,True,Fri Nov 10 18:08:05 +0000 2017,"@AmazonHelp why am I not getting any weekend delivery options, even when selecting One Day delivery with a Prime subscription? Everything I try to order stocked by Amazon is showing Mon 13th Nov as earliest available delivery date",2236503,,AmazonHelp
144188,148595,True,Fri Nov 24 13:21:44 +0000 2017,"Ich freue mich ja immer über sowas @116316, aber ich habe schon Prime. 🤔 (Vielleicht solltet ihr das nächste mal darauf achten, an welche Menschen ihr eure Briefe schickt. 😅) https://t.co/wfHhLNkwcq",144187,,AmazonHelp
2393462,689139,True,Tue Nov 14 11:15:55 +0000 2017,@115830 disgusted with your customer services!!! Wrong item sent twice and cannot get a satisfactory resolution!,2393461,,AmazonHelp
1423521,AmazonHelp,False,Thu Nov 02 09:51:24 +0000 2017,"@198821 Glad to hear that. When you are happy, we're happy. :) ^GS",,1422359,AmazonHelp
128148,144787,True,Fri Nov 24 03:45:22 +0000 2017,@115850 Okay for replied me,128147,5168,AmazonHelp
327017,193933,True,Sat Oct 07 16:59:11 +0000 2017,"@AmazonHelp Vivo en un pueblo olvidado por Dios, por lo que no hay donde comprar nada por acá, pero ustedes cambiaron eso :') compro cada semana jajaja",327019,327016,AmazonHelp
1331142,210089,True,Fri Oct 27 14:32:33 +0000 2017,@AmazonHelp the said form filled and submitted. pls do the needful urgently &amp; dont harass further.,1331143,397290,AmazonHelp
219194,168275,True,Thu Oct 05 02:03:40 +0000 2017,got 1 day shipping on Amazon two whole fucking days and still NOTHING im livid #amzl_us sucks,219192,,AmazonHelp
1181458,AmazonHelp,False,Tue Oct 24 22:17:00 +0000 2017,"@397848 Estamos para servirte, Peque. 😊 Lamentamos cualquier inconveniente. ^JQ",,1181459,AmazonHelp
2752079,770459,True,Mon Nov 27 02:10:17 +0000 2017,@AmazonHelp Awesome. And I will still be able to use my TP-Link Kasa smart home skill right?,2752081,2752078,AmazonHelp
2652365,285435,True,Sun Nov 19 07:15:11 +0000 2017,@AmazonHelp It's been 19 hours since you said your team is right on the issue. I neither get any update not seen any improvement so far. I paid ₹2500 to Amazon to get mental agony and worries. Nothing much,2652363,2652367,AmazonHelp
2313396,AmazonHelp,False,Sun Nov 12 23:00:00 +0000 2017,"@670842 Oh no! We do deliver until 8 pm. We want to make sure you get it, what does tracking currently reflect? Please see here: https://t.co/oUbtcCdGQU As Twitter is a public platform, we do recommend removing order information. ^BE","2313397,2313395",2313398,AmazonHelp
2834185,AmazonHelp,False,Mon Nov 27 15:03:27 +0000 2017,"@788965 Danke für dein Feedback. Wäre vielleicht eine Lieferung an eine Abholstation in deiner Nähe was für dich? Mehr Infos zu dieser Option findest du hier: https://t.co/TguAkRiDKx
^AW",2834186,2834183,AmazonHelp
514653,238503,True,Sat Dec 02 00:14:54 +0000 2017,So much for @115821 two day shipping I’m still waiting 5 days later 🙄,514652,,AmazonHelp
456583,AmazonHelp,False,Fri Dec 01 00:14:35 +0000 2017,@223424 当サイトの機能については、常に検討し変更しています。恐れ入りますが、今後の変更の予定についてもご案内することができませんが、お寄せいただいたご意見については社内に報告いたします。SK,,4845,AmazonHelp
1318244,AmazonHelp,False,Mon Oct 16 11:33:00 +0000 2017,@182223 I’m sorry about the issue you’re facing with your order. Let us look into it.(1/2)^HR,1318245,1318246,AmazonHelp
1116988,383569,True,Tue Oct 24 03:50:13 +0000 2017,WHY DOES AMAZON ALWAYS CAUSE PROBLEMS FOR ME LIKE THIS IS THE 4th EFFING TIME THEY CHARGED ME FOR SUBSCRIPTIONS THAT I DIDNT SIGN UP FOR 😤😤,1116987,,AmazonHelp
2447370,701560,True,Wed Nov 15 00:33:36 +0000 2017,久しぶりに詐欺メールが届いた(;'∀') いや、amazonなんて利用してないんだが（´・ω・`） というか、有料コンテンツは基本的に前払い制だゾ(-ω-),2447369,,AmazonHelp
2663036,AmazonHelp,False,Tue Oct 31 07:20:36 +0000 2017,"@750489 Hi, sorry to hear that, did you previously receive money from us? ^AS",2663037,2663034,AmazonHelp
114427,AmazonHelp,False,Thu Nov 23 21:09:02 +0000 2017,@141436 I'm sorry to hear about these delays! Please reach us here: https://t.co/JzP7hlA23B for available options if your parcels don't arrive by Tuesday. ^EZ,114428,114429,AmazonHelp
279932,182721,True,Fri Oct 06 07:30:50 +0000 2017,"スーパーファミコンミニアマゾンで予約して来る予定だったのに、文字化けで住所特定出来ず、勝手に返金されて再販出来ないという始末笑
最悪だよ笑",279931,,AmazonHelp
296740,186689,True,Wed Oct 04 01:48:00 +0000 2017,@AmazonHelp As I have other orders coming. Or emailed. Something. I spent at least 25 minutes on chat with no satisfactory solution. 5/,296739,296741,AmazonHelp
142876,AmazonHelp,False,Fri Nov 24 13:04:31 +0000 2017,@148251 You're welcome. Let us know if you need anything else.^ES,,142877,AmazonHelp
1739880,525036,True,Tue Nov 07 16:53:08 +0000 2017,@AmazonHelp Bei meiner Bestellung steht Zustellung heute und unten drunter noch nicht versandt. Eure Hotline konnte mir leider auch nicht weiterhelfen .,1739882,1739879,AmazonHelp
519801,239959,True,Sat Dec 02 02:18:05 +0000 2017,"@116313 カスタマーサービス、対応が良かった♪(*^^*)
女性の方だったけど、『こうした方がいい』とか教えてくれてとてもいい人だった。今までそういう人居なかったけどな。神対応だった。",519800,,AmazonHelp
799599,AmazonHelp,False,Wed Nov 22 05:55:29 +0000 2017,"@310561 Avez-vous rempli le formulaire ?
^YL",799600,799598,AmazonHelp
1380621,AmazonHelp,False,Tue Nov 07 01:05:28 +0000 2017,@441368 Try linking the audible acct and Amazon acct associated with your device. View the steps here: https://t.co/wKSgwuzag9 ^SH,,1380619,AmazonHelp
2273282,AmazonHelp,False,Sat Nov 11 11:20:00 +0000 2017,"@661267 Hola Sergio, lamentamos el inconveniente. ¿El pedido fue vendido y gestionado por Amazon o por algún vendedor externo? ^MB",2273281,2273283,AmazonHelp
787153,199122,True,Thu Oct 12 10:04:52 +0000 2017,How to transfer money to bank account from amazon pay balance.@115850,"787152,787154",,AmazonHelp
1378468,440898,True,Sat Oct 28 03:57:07 +0000 2017,Thank you @234209 and @116618 for this delicious free pizza!!!! https://t.co/IaIg8Fhdwg,1378467,,AmazonHelp
279456,AmazonHelp,False,Fri Oct 06 09:27:51 +0000 2017,@182610 It sure is. Would be waiting to see which one you'd grab! ^AP,,279457,AmazonHelp
1728605,522626,True,Tue Nov 07 10:15:19 +0000 2017,@115821 almost two hours waiting for a reply from @AmazonHelp Great customer service indeed,1728604,,AmazonHelp
662716,277892,True,Thu Nov 23 01:42:43 +0000 2017,@AmazonHelp はーい,662715,662717,AmazonHelp
